r_cm,nSF6_m-3,nSF5_m-3,nSF4_m-3,nSF3_m-3,nSF2_m-3,nSF_m-3,nS_m-3,nF_m-3,nF2_m-3
0.15111271804043516,3.2585584284281946e+19,1.6020910942582333e+19,4.39552250122144e+19,1.3160353780312916e+19,1.5862896398151348e+19,8.979179826322538e+18,8.955765922690427e+18,2.9435049822218846e+20,3.716051462609934e+17
0.4531642392322628,3.2689973495929803e+19,1.6029862767468796e+19,4.396381495035795e+19,1.3142971196198238e+19,1.5846883479612981e+19,8.971685615754425e+18,8.949145467463461e+18,2.9345834993694376e+20,3.7147117649644954e+17
0.754694815467764,3.2897798534228263e+19,1.6047128702883344e+19,4.398063082758593e+19,1.310840160732239e+19,1.5815149457810373e+19,8.956824817940765e+18,8.936000766805821e+18,2.9168709225290868e+20,3.7120422972911366e+17
1.0553598080104576,3.320715028764364e+19,1.6071464046000579e+19,4.400496428663127e+19,1.3057033951174615e+19,1.576826714646431e+19,8.934848468795857e+18,8.916522197644722e+18,2.8906256946645978e+20,3.708063383964879e+17
1.3548185378002071,3.361516069564981e+19,1.610107757880851e+19,4.403580048003506e+19,1.2989446008716526e+19,1.5707069375651736e+19,8.906122806237429e+18,8.890990199176952e+18,2.8562295075515934e+20,3.702806596896283e+17
1.652735815439179,3.41180023568303e+19,1.6133719729017537e+19,4.4071871480894915e+19,1.2906397461890243e+19,1.5632619086958166e+19,8.871117461715535e+18,8.859769077102378e+18,2.8141797874517957e+20,3.6963158236006394e+17
1.9487834183683697,3.471089484345373e+19,1.6166795129204904e+19,4.411172153834779e+19,1.2808820361644982e+19,1.5546172231614675e+19,8.83039061386882e+18,8.823298700158652e+18,2.7650791965361973e+20,3.688648334254536e+17
2.2426415016516534,3.538812088448452e+19,1.6197494892234686e+19,4.4153779793009164e+19,1.269780684643691e+19,1.54491355333847e+19,8.784571781467752e+18,8.782084117590716e+18,2.7096219328200235e+20,3.679875605502491e+17
2.5339999298610736,3.6143058395830428e+19,1.622294244308301e+19,4.41964357273845e+19,1.257459397201564e+19,1.5343021346348268e+19,8.73434300928979e+18,8.736683215530972e+18,2.6485767827265683e+20,3.6700836690760557e+17
2.822559518817317,3.696823547625763e+19,1.6240345253146956e+19,4.42381126136763e+19,1.24405455434914e+19,1.522940183730667e+19,8.680419241591586e+18,8.687692666871562e+18,2.582767163910473e+20,3.659372796335549e+17
3.1080331773526955,3.7855410016921715e+19,1.6247143524101267e+19,4.427733450552122e+19,1.2297130881558417e+19,1.51098645705662e+19,8.623528689056958e+18,8.635732603231828e+18,2.5130487617787252e+20,3.6478564002293824e+17
3.3901469407971856,3.879567554584874e+19,1.6241146121098123e+19,4.431278287996762e+19,1.214590052551457e+19,1.4985971300617048e+19,8.564393977981498e+18,8.581430622173549e+18,2.4402857489915095e+20,3.63565912520152e+17
3.668640889506067,3.977959839575015e+19,1.622064414673976e+19,4.434333986288353e+19,1.1988459008879841e+19,1.4859221423884995e+19,8.503714820133297e+18,8.525405896092e+18,2.365326895452096e+20,3.6229141904699354e+17
3.9432699474146715,4.079738037363615e+19,1.6184493640793688e+19,4.436811605174785e+19,1.1826435067790807e+19,1.4731021142191256e+19,8.442152849231218e+18,8.468254224706874e+18,2.28898303580363e+20,3.609760138340417e+17
4.213804557286315,4.183904460535828e+19,1.6132161044900278e+19,4.4386462238496014e+19,1.1661449914741922e+19,1.4602658970313603e+19,8.380319125300545e+18,8.410534836932822e+18,2.212007298014651e+20,3.596337199752223e+17
4.480031230979536,4.289463578514992e+19,1.6063729023349457e+19,4.439796569709228e+19,1.1495084795164527e+19,1.4475287871225954e+19,8.318764637037666e+18,8.352759585216279e+18,2.135079215077665e+20,3.5827835572649594e+17
4.741752974668693,4.395442675428811e+19,1.5979863066305833e+19,4.440243297611541e+19,1.1328849064448336e+19,1.4349913860849357e+19,8.257973891191387e+18,8.295384931134993e+18,2.0587933642525717e+20,3.5692317458250586e+17
4.9987895904789985,4.500911873389266e+19,1.5881743028970217e+19,4.4399862098576515e+19,1.1164150242246668e+19,1.4227390608682275e+19,8.198361460444375e+18,8.238806822591695e+18,1.9836526399817718e+20,3.555805409203871e+17
5.250977857418331,4.605002745372648e+19,1.5770967651994704e+19,4.439040754735176e+19,1.100226772731233e+19,1.4108419339580291e+19,8.140271182706784e+18,8.183358273032121e+18,1.9100657678084158e+20,3.542616612551859e+17
5.498171595782775,4.706924256466421e+19,1.5649441714718695e+19,4.437434135463938e+19,1.0844331503216808e+19,1.3993553102573367e+19,8.083977544907969e+18,8.12930922487369e+18,1.8383482569537893e+20,3.529763829737175e+17
5.74024162036436,4.805975265416886e+19,1.5519256072603105e+19,4.435201303496813e+19,1.069130671243968e+19,1.388320431401198e+19,8.029688681024139e+18,8.076868116453664e+18,1.7687257074909554e+20,3.517330652545823e+17
5.977075588786137,4.901553287729296e+19,1.5382570079994749e+19,4.432381009154917e+19,1.0543984382212049e+19,1.3777654361906428e+19,7.977550345500995e+18,8.026184461459942e+18,1.7013381906688426e+20,3.5053852005384557e+17
6.208577752123996,4.993159186395251e+19,1.5241504013912117e+19,4.429011943061883e+19,1.04029779136945e+19,1.3677063930022947e+19,7.927650155317472e+18,7.977351645805953e+18,1.6362442078294878e+20,3.493980150999717e+17
6.4346686156434405,5.08039789481237e+19,1.5098046404271309e+19,4.425128811104512e+19,1.0268724215716518e+19,1.3581482466203138e+19,7.880021262507981e+18,7.930408962854576e+18,1.5734223190810857e+20,3.48315325942937e+17
6.655284517983848,5.1629758018015986e+19,1.495397781806979e+19,4.42075788998763e+19,1.0141487487506608e+19,1.3490854670234814e+19,7.834644297742459e+18,7.885341477839782e+18,1.5127675553205774e+20,3.472928197058742e+17
6.870377137466866,5.240695221312201e+19,1.4810808449314697e+19,4.415911062170107e+19,1.0021362314058787e+19,1.3405020539080083e+19,7.791445637682312e+18,7.842075277118726e+18,1.4540773907878673e+20,3.4633154763420595e+17
7.079912934397284,5.313446756641026e+19,1.4669720752502446e+19,4.410576152557777e+19,9.90827008528655e+18,1.3323702245237787e+19,7.75028813368481e+18,7.800463163539537e+18,1.3970164512008256e+20,3.4543131278104576e+17
7.283872538273989,5.381200599587841e+19,1.4531496984461844e+19,4.4046986317217096e+19,9.801936619848554e+18,1.3246463093451475e+19,7.710945742516572e+18,7.760249767324803e+18,1.341035471761502e+20,3.4459065329383136e+17
7.48225008874786,5.4439978105741206e+19,1.4396385879366052e+19,4.398142963086775e+19,9.7018236965985e+18,1.3172603709967217e+19,7.673041775227125e+18,7.720989863267082e+18,1.2851859740298768e+20,3.438066158903026e+17
7.6750525389663204,5.5019437711435555e+19,1.42637989588676e+19,4.3906047152545735e+19,9.606948518074251e+18,1.3100909583787352e+19,7.635900728985405e+18,7.681855197017577e+18,1.227685727005229e+20,3.430740244106382e+17
7.862298929645567,5.555208081683985e+19,1.4140645792441084e+19,4.38419671814628e+19,9.521542936379564e+18,1.303737587321928e+19,7.603049684659497e+18,7.647454584842201e+18,1.179184926078887e+20,3.424115370362913e+17
8.044019641826567,5.603954823839033e+19,1.402571421001025e+19,4.378484176934209e+19,9.444266482698582e+18,1.2980376559469713e+19,7.573574973372743e+18,7.616654112660705e+18,1.1369091332068003e+20,3.418119816453227e+17
8.220255635814988,5.648358601910897e+19,1.3918544863817028e+19,4.373257431112339e+19,9.37428826948151e+18,1.292896924538999e+19,7.5469597580864e+18,7.588833491541359e+18,1.0993915811104098e+20,3.4127025841717843e+17
8.391057683293472,5.688607037743099e+19,1.381894338233668e+19,4.3684034242653315e+19,9.31099459501357e+18,1.2882511935313066e+19,7.522860801484382e+18,7.563596506195635e+18,1.0657440967199764e+20,3.4078213038776064e+17
8.556485599041498,5.724899102830243e+19,1.372679318671614e+19,4.363855001224474e+19,9.253876104190298e+18,1.2840512769584736e+19,7.501020858195069e+18,7.540657137414667e+18,1.0353669776572586e+20,3.403437790491144e+17
8.716607478116956,5.757442257908918e+19,1.364197996188955e+19,4.359568829789275e+19,9.202480610869417e+18,1.2802565073483493e+19,7.48123076891059e+18,7.51979013289479e+18,1.0078209155436506e+20,3.3995163394756704e+17
8.871498943756958,5.786449384386988e+19,1.3564361639307555e+19,4.355514874829947e+19,9.15639207121159e+18,1.2768316567422536e+19,7.463311480224019e+18,7.500807467339882e+18,9.827646040065499e+19,3.396023071132413e+17
9.021242410654596,5.8121358583944675e+19,1.34937584312994e+19,4.351670973472332e+19,9.115220788683889e+18,1.273745347280483e+19,7.447104770261558e+18,7.483546151548609e+18,9.59921509741848e+19,3.392925694085246e+17
9.165926367673084,5.834716981075148e+19,1.342995215730599e+19,4.348019856520736e+19,9.078598736819916e+18,1.270969163616781e+19,7.432468088115796e+18,7.467861431334506e+18,9.390607382108337e+19,3.390193437266358e+17
9.305644683477583,5.854405748134642e+19,1.3372689911194458e+19,4.3445474303753904e+19,9.046177301881951e+18,1.2684771191365e+19,7.419271474920015e+18,7.453622732929026e+18,9.199852507368964e+19,3.38779704492551e+17
9.44049593800507,5.871410987156744e+19,1.332168962660966e+19,4.341241748344717e+19,9.017626179165532e+18,1.2662453110882259e+19,7.407395601196594e+18,7.440711094570744e+18,9.025241804406722e+19,3.385708788892986e+17
9.57058278215975,5.885935841863931e+19,1.327664627314652e+19,4.338092377270439e+19,8.992632800707187e+18,1.2642516816190941e+19,7.396730432621783e+18,7.429017443972641e+18,8.865275691809132e+19,3.383902478370412e+17
9.696011327620301,5.898176564940988e+19,1.323723800952523e+19,4.3350899991297655e+19,8.970901980313477e+18,1.2624758407389684e+19,7.387174264424791e+18,7.418441378179529e+18,8.718626074362774e+19,3.382353459401687e+17
9.816890568178785,5.908321595212859e+19,1.3203131938232656e+19,4.3322261559775175e+19,8.952155616899434e+18,1.2608989269251686e+19,7.37863297999825e+18,7.408890252977635e+18,8.584108484003617e+19,3.3810386017278054e+17
9.933331833602182,5.91655087987939e+19,1.3173989284817607e+19,4.329493083849833e+19,8.936132378143541e+18,1.2595034914967765e+19,7.371019450593861e+18,7.400278469458684e+18,8.460660779722334e+19,3.3799362733116294e+17
10.045448276616877,5.923035409056385e+19,1.3149469928453818e+19,4.326883602423096e+19,8.922587329789125e+18,1.258273398625708e+19,7.364253026928581e+18,7.392526890192547e+18,8.347326414518356e+19,3.379026303955537e+17
10.153354393265081,5.9279369295337505e+19,1.3129236270922156e+19,4.3243910397321855e+19,8.911291499231816e+18,1.2571937361175386e+19,7.358259092988512e+18,7.385562343398206e+18,8.243240979895357e+19,3.378289939852518e+17
10.257165576569625,5.931407812150168e+19,1.311295646621673e+19,4.322009178884311e+19,8.902031374367488e+18,1.2562507340025962e+19,7.352968663786298e+18,7.379317188959559e+18,8.147621167510628e+19,3.377709790970675e+17
10.356997703168924,5.93359104843017e+19,1.310030705238314e+19,4.319732218479195e+19,8.894608344854048e+18,1.2554316891142023e+19,7.348318015733328e+18,7.373728929574266e+18,8.059755558077774e+19,3.3772697730573824e+17
10.452966752345947,5.9346203531037516e+19,1.309097503679694e+19,4.3175547414903325e+19,8.888838095626352e+18,1.2547248945172052e+19,7.34424834251222e+18,7.368739856204853e+18,7.978996822915583e+19,3.376955045859192e+17
