T_e (eV),LXCat Biagi_v10_6 [k_el (m^3 s^-1)],Lallement Arrhenius [k_el (m^3 s^-1)]
0.8,8.974800098e-14,4.293939072e-14
0.82305764411,9.048083172e-14,4.525517412e-14
0.846115288221,9.124079597e-14,4.755949941e-14
0.869172932331,9.202447644e-14,4.984962912e-14
0.892230576441,9.282885148e-14,5.212318336e-14
0.915288220551,9.365124762e-14,5.437810351e-14
0.938345864662,9.44892981e-14,5.6612619e-14
0.961403508772,9.534090643e-14,5.882521709e-14
0.984461152882,9.620421453e-14,6.101461539e-14
1.007518796992,9.707757474e-14,6.317973702e-14
1.030576441103,9.795952525e-14,6.531968817e-14
1.053634085213,9.884876852e-14,6.743373788e-14
1.076691729323,9.974415226e-14,6.952129987e-14
1.099749373434,1.006446528e-13,7.158191617e-14
1.122807017544,1.015493604e-13,7.361524248e-14
1.145864661654,1.024574661e-13,7.562103499e-14
1.168922305764,1.033682505e-13,7.759913863e-14
1.191979949875,1.042810738e-13,7.954947652e-14
1.215037593985,1.051953664e-13,8.147204051e-14
1.238095238095,1.061106216e-13,8.336688279e-14
1.261152882206,1.070263881e-13,8.52341083e-14
1.284210526316,1.079422644e-13,8.707386804e-14
1.307268170426,1.088578926e-13,8.888635304e-14
1.330325814536,1.097729546e-13,9.0671789e-14
1.353383458647,1.106871666e-13,9.243043152e-14
1.376441102757,1.116002763e-13,9.41625618e-14
1.399498746867,1.125120588e-13,9.586848288e-14
1.422556390977,1.134223143e-13,9.754851626e-14
1.445614035088,1.143308646e-13,9.920299883e-14
1.468671679198,1.152375514e-13,1.008322803e-13
1.491729323308,1.16142234e-13,1.024367206e-13
1.514786967419,1.170447872e-13,1.040166883e-13
1.537844611529,1.179450998e-13,1.055725579e-13
1.560902255639,1.188430732e-13,1.071047089e-13
1.583959899749,1.197386201e-13,1.086135242e-13
1.60701754386,1.206316628e-13,1.100993885e-13
1.63007518797,1.215221331e-13,1.115626873e-13
1.65313283208,1.224099703e-13,1.130038062e-13
1.67619047619,1.232951211e-13,1.144231295e-13
1.699248120301,1.241775388e-13,1.158210399e-13
1.722305764411,1.250571821e-13,1.171979175e-13
1.745363408521,1.259340151e-13,1.185541395e-13
1.768421052632,1.268080066e-13,1.198900793e-13
1.791478696742,1.276791293e-13,1.212061066e-13
1.814536340852,1.285473599e-13,1.225025866e-13
1.837593984962,1.294126784e-13,1.237798797e-13
1.860651629073,1.302750678e-13,1.250383415e-13
1.883709273183,1.311345138e-13,1.262783224e-13
1.906766917293,1.319910046e-13,1.275001676e-13
1.929824561404,1.328445307e-13,1.287042164e-13
1.952882205514,1.336950844e-13,1.29890803e-13
1.975939849624,1.345426601e-13,1.310602555e-13
1.998997493734,1.353872536e-13,1.322128964e-13
2.022055137845,1.362288623e-13,1.333490424e-13
2.045112781955,1.370674848e-13,1.344690043e-13
2.068170426065,1.379031212e-13,1.355730871e-13
2.091228070175,1.387357724e-13,1.3666159e-13
2.114285714286,1.395654404e-13,1.377348064e-13
2.137343358396,1.403921282e-13,1.387930239e-13
2.160401002506,1.412158396e-13,1.398365245e-13
2.183458646617,1.420365792e-13,1.408655842e-13
2.206516290727,1.42854352e-13,1.418804737e-13
2.229573934837,1.436691639e-13,1.428814582e-13
2.252631578947,1.444810214e-13,1.438687971e-13
2.275689223058,1.452899314e-13,1.448427446e-13
2.298746867168,1.460959012e-13,1.458035497e-13
2.321804511278,1.468989387e-13,1.46751456e-13
2.344862155388,1.476990521e-13,1.47686702e-13
2.367919799499,1.484962499e-13,1.486095212e-13
2.390977443609,1.49290541e-13,1.49520142e-13
2.414035087719,1.500819347e-13,1.50418788e-13
2.43709273183,1.508704403e-13,1.513056782e-13
2.46015037594,1.516560676e-13,1.521810266e-13
2.48320802005,1.524388264e-13,1.530450428e-13
2.50626566416,1.532187269e-13,1.53897932e-13
2.529323308271,1.539957793e-13,1.547398946e-13
2.552380952381,1.54769994e-13,1.555711271e-13
2.575438596491,1.555413816e-13,1.563918216e-13
2.598496240602,1.563099528e-13,1.57202166e-13
2.621553884712,1.570757184e-13,1.580023444e-13
2.644611528822,1.578386893e-13,1.587925367e-13
2.667669172932,1.585988764e-13,1.59572919e-13
2.690726817043,1.593562907e-13,1.603436636e-13
2.713784461153,1.601109434e-13,1.611049393e-13
2.736842105263,1.608628455e-13,1.618569111e-13
2.759899749373,1.616120083e-13,1.625997405e-13
2.782957393484,1.623584429e-13,1.633335855e-13
2.806015037594,1.631021605e-13,1.640586009e-13
2.829072681704,1.638431724e-13,1.647749382e-13
2.852130325815,1.645814897e-13,1.654827454e-13
2.875187969925,1.653171236e-13,1.661821677e-13
2.898245614035,1.660500854e-13,1.66873347e-13
2.921303258145,1.667803861e-13,1.675564225e-13
2.944360902256,1.67508037e-13,1.682315302e-13
2.967418546366,1.682330491e-13,1.688988033e-13
2.990476190476,1.689554334e-13,1.695583722e-13
3.013533834586,1.696752011e-13,1.702103648e-13
3.036591478697,1.703923631e-13,1.708549061e-13
3.059649122807,1.711069302e-13,1.714921186e-13
3.082706766917,1.718189134e-13,1.721221221e-13
3.105764411028,1.725283235e-13,1.727450343e-13
3.128822055138,1.732351711e-13,1.733609702e-13
3.151879699248,1.73939467e-13,1.739700425e-13
3.174937343358,1.746412218e-13,1.745723615e-13
3.197994987469,1.753404459e-13,1.751680355e-13
3.221052631579,1.760371499e-13,1.757571704e-13
3.244110275689,1.767313441e-13,1.7633987e-13
3.267167919799,1.774230388e-13,1.769162361e-13
3.29022556391,1.781122443e-13,1.774863683e-13
3.31328320802,1.787989706e-13,1.780503644e-13
3.33634085213,1.794832278e-13,1.786083201e-13
3.359398496241,1.801650259e-13,1.791603291e-13
3.382456140351,1.808443748e-13,1.797064835e-13
3.405513784461,1.815212843e-13,1.802468735e-13
3.428571428571,1.82195764e-13,1.807815874e-13
3.451629072682,1.828678236e-13,1.813107119e-13
3.474686716792,1.835374726e-13,1.818343319e-13
3.497744360902,1.842047205e-13,1.823525308e-13
3.520802005013,1.848695766e-13,1.828653902e-13
3.543859649123,1.855320502e-13,1.833729902e-13
3.566917293233,1.861921505e-13,1.838754095e-13
3.589974937343,1.868498866e-13,1.84372725e-13
3.613032581454,1.875052674e-13,1.848650124e-13
3.636090225564,1.881583019e-13,1.853523458e-13
3.659147869674,1.88808999e-13,1.85834798e-13
3.682205513784,1.894573673e-13,1.863124403e-13
3.705263157895,1.901034156e-13,1.867853427e-13
3.728320802005,1.907471523e-13,1.87253574e-13
3.751378446115,1.913885861e-13,1.877172016e-13
3.774436090226,1.920277252e-13,1.881762916e-13
3.797493734336,1.926645781e-13,1.88630909e-13
3.820551378446,1.93299153e-13,1.890811175e-13
3.843609022556,1.93931458e-13,1.895269796e-13
3.866666666667,1.945615013e-13,1.899685569e-13
3.889724310777,1.951892908e-13,1.904059096e-13
3.912781954887,1.958148344e-13,1.908390969e-13
3.935839598997,1.964381402e-13,1.912681769e-13
3.958897243108,1.970592157e-13,1.916932067e-13
3.981954887218,1.976780687e-13,1.921142424e-13
4.005012531328,1.98294707e-13,1.925313389e-13
4.028070175439,1.989091379e-13,1.929445503e-13
4.051127819549,1.995213691e-13,1.933539298e-13
4.074185463659,2.00131408e-13,1.937595294e-13
4.097243107769,2.007392619e-13,1.941614005e-13
4.12030075188,2.013449381e-13,1.945595933e-13
4.14335839599,2.019484439e-13,1.949541572e-13
4.1664160401,2.025497864e-13,1.95345141e-13
4.189473684211,2.031489728e-13,1.957325922e-13
4.212531328321,2.037460101e-13,1.961165578e-13
4.235588972431,2.043409053e-13,1.96497084e-13
4.258646616541,2.049336653e-13,1.968742159e-13
4.281704260652,2.05524297e-13,1.972479982e-13
4.304761904762,2.061128073e-13,1.976184746e-13
4.327819548872,2.066992029e-13,1.979856881e-13
4.350877192982,2.072834905e-13,1.98349681e-13
4.373934837093,2.078656769e-13,1.987104949e-13
4.396992481203,2.084457686e-13,1.990681707e-13
4.420050125313,2.090237722e-13,1.994227485e-13
4.443107769424,2.095996942e-13,1.997742679e-13
4.466165413534,2.101735412e-13,2.001227678e-13
4.489223057644,2.107453195e-13,2.004682863e-13
4.512280701754,2.113150356e-13,2.008108611e-13
4.535338345865,2.118826958e-13,2.011505291e-13
4.558395989975,2.124483065e-13,2.014873267e-13
4.581453634085,2.130118738e-13,2.018212896e-13
4.604511278195,2.135734041e-13,2.021524531e-13
4.627568922306,2.141329035e-13,2.024808517e-13
4.650626566416,2.146903782e-13,2.028065195e-13
4.673684210526,2.152458344e-13,2.0312949e-13
4.696741854637,2.157992781e-13,2.034497961e-13
4.719799498747,2.163507154e-13,2.037674704e-13
4.742857142857,2.169001523e-13,2.040825447e-13
4.765914786967,2.174475949e-13,2.043950505e-13
4.788972431078,2.17993049e-13,2.047050186e-13
4.812030075188,2.185365207e-13,2.050124796e-13
4.835087719298,2.190780159e-13,2.053174633e-13
4.858145363409,2.196175404e-13,2.056199992e-13
4.881203007519,2.201551001e-13,2.059201164e-13
4.904260651629,2.206907008e-13,2.062178435e-13
4.927318295739,2.212243484e-13,2.065132086e-13
4.95037593985,2.217560487e-13,2.068062393e-13
4.97343358396,2.222858074e-13,2.07096963e-13
4.99649122807,2.228136302e-13,2.073854064e-13
5.01954887218,2.233395229e-13,2.076715962e-13
5.042606516291,2.238634913e-13,2.079555582e-13
5.065664160401,2.243855409e-13,2.082373182e-13
5.088721804511,2.249056774e-13,2.085169014e-13
5.111779448622,2.254239065e-13,2.087943326e-13
5.134837092732,2.259402339e-13,2.090696365e-13
5.157894736842,2.264546651e-13,2.09342837e-13
5.180952380952,2.269672057e-13,2.096139581e-13
5.204010025063,2.274778614e-13,2.098830232e-13
5.227067669173,2.279866376e-13,2.101500552e-13
5.250125313283,2.2849354e-13,2.10415077e-13
5.273182957393,2.28998574e-13,2.10678111e-13
5.296240601504,2.295017452e-13,2.109391792e-13
5.319298245614,2.300030592e-13,2.111983034e-13
5.342355889724,2.305025213e-13,2.114555051e-13
5.365413533835,2.310001372e-13,2.117108053e-13
5.388471177945,2.314959122e-13,2.119642249e-13
5.411528822055,2.319898519e-13,2.122157845e-13
5.434586466165,2.324819617e-13,2.124655042e-13
5.457644110276,2.32972247e-13,2.12713404e-13
5.480701754386,2.334607133e-13,2.129595035e-13
5.503759398496,2.33947366e-13,2.132038221e-13
5.526817042607,2.344322105e-13,2.13446379e-13
5.549874686717,2.349152522e-13,2.136871929e-13
5.572932330827,2.353964965e-13,2.139262825e-13
5.595989974937,2.358759489e-13,2.141636659e-13
5.619047619048,2.363536146e-13,2.143993614e-13
5.642105263158,2.368294991e-13,2.146333866e-13
5.665162907268,2.373036078e-13,2.148657592e-13
5.688220551378,2.377759459e-13,2.150964964e-13
5.711278195489,2.382465188e-13,2.153256154e-13
5.734335839599,2.38715332e-13,2.155531329e-13
5.757393483709,2.391823907e-13,2.157790655e-13
5.78045112782,2.396477002e-13,2.160034297e-13
5.80350877193,2.40111266e-13,2.162262416e-13
5.82656641604,2.405730932e-13,2.164475171e-13
5.84962406015,2.410331873e-13,2.16667272e-13
5.872681704261,2.414915535e-13,2.168855217e-13
5.895739348371,2.419481971e-13,2.171022816e-13
5.918796992481,2.424031235e-13,2.173175668e-13
5.941854636591,2.428563379e-13,2.175313921e-13
5.964912280702,2.433078456e-13,2.177437723e-13
5.987969924812,2.437576519e-13,2.179547218e-13
6.011027568922,2.442057621e-13,2.18164255e-13
6.034085213033,2.446521814e-13,2.183723859e-13
6.057142857143,2.450969152e-13,2.185791286e-13
6.080200501253,2.455399686e-13,2.187844968e-13
6.103258145363,2.45981347e-13,2.18988504e-13
6.126315789474,2.464210556e-13,2.191911636e-13
6.149373433584,2.468590996e-13,2.193924889e-13
6.172431077694,2.472954843e-13,2.195924929e-13
6.195488721805,2.477302149e-13,2.197911886e-13
6.218546365915,2.481632967e-13,2.199885885e-13
6.241604010025,2.485947349e-13,2.201847053e-13
6.264661654135,2.490245347e-13,2.203795513e-13
6.287719298246,2.494527013e-13,2.205731388e-13
6.310776942356,2.4987924e-13,2.2076548e-13
6.333834586466,2.50304156e-13,2.209565866e-13
6.356892230576,2.507274545e-13,2.211464705e-13
6.379949874687,2.511491406e-13,2.213351433e-13
6.403007518797,2.515692196e-13,2.215226164e-13
6.426065162907,2.519876967e-13,2.217089013e-13
6.449122807018,2.524045771e-13,2.218940092e-13
6.472180451128,2.528198659e-13,2.22077951e-13
6.495238095238,2.532335684e-13,2.222607377e-13
6.518295739348,2.536456897e-13,2.224423801e-13
6.541353383459,2.540562349e-13,2.226228888e-13
6.564411027569,2.544652093e-13,2.228022744e-13
6.587468671679,2.54872618e-13,2.229805472e-13
6.610526315789,2.552784662e-13,2.231577176e-13
6.6335839599,2.55682759e-13,2.233337956e-13
6.65664160401,2.560855015e-13,2.235087913e-13
6.67969924812,2.56486699e-13,2.236827145e-13
6.702756892231,2.568863565e-13,2.238555751e-13
6.725814536341,2.572844791e-13,2.240273827e-13
6.748872180451,2.576810721e-13,2.241981468e-13
6.771929824561,2.580761404e-13,2.243678769e-13
6.794987468672,2.584696893e-13,2.245365823e-13
6.818045112782,2.588617238e-13,2.247042722e-13
6.841102756892,2.59252249e-13,2.248709557e-13
6.864160401003,2.596412701e-13,2.250366418e-13
6.887218045113,2.600287921e-13,2.252013393e-13
6.910275689223,2.6041482e-13,2.25365057e-13
6.933333333333,2.607993591e-13,2.255278037e-13
6.956390977444,2.611824143e-13,2.256895878e-13
6.979448621554,2.615639907e-13,2.258504179e-13
7.002506265664,2.619440935e-13,2.260103023e-13
7.025563909774,2.623227275e-13,2.261692494e-13
7.048621553885,2.626998979e-13,2.263272672e-13
7.071679197995,2.630756097e-13,2.264843639e-13
7.094736842105,2.63449868e-13,2.266405474e-13
7.117794486216,2.638226777e-13,2.267958257e-13
7.140852130326,2.641940439e-13,2.269502066e-13
7.163909774436,2.645639717e-13,2.271036978e-13
7.186967418546,2.649324659e-13,2.272563069e-13
7.210025062657,2.652995316e-13,2.274080415e-13
7.233082706767,2.656651738e-13,2.275589091e-13
7.256140350877,2.660293975e-13,2.277089169e-13
7.279197994987,2.663922077e-13,2.278580724e-13
7.302255639098,2.667536092e-13,2.280063827e-13
7.325313283208,2.671136071e-13,2.28153855e-13
7.348370927318,2.674722064e-13,2.283004963e-13
7.371428571429,2.678294119e-13,2.284463135e-13
7.394486215539,2.681852286e-13,2.285913137e-13
7.417543859649,2.685396614e-13,2.287355036e-13
7.440601503759,2.688927152e-13,2.288788899e-13
7.46365914787,2.692443951e-13,2.290214793e-13
7.48671679198,2.695947057e-13,2.291632785e-13
7.50977443609,2.699436522e-13,2.293042938e-13
7.532832080201,2.702912392e-13,2.294445319e-13
7.555889724311,2.706374718e-13,2.295839991e-13
7.578947368421,2.709823547e-13,2.297227016e-13
7.602005012531,2.713258928e-13,2.298606458e-13
7.625062656642,2.71668091e-13,2.299978378e-13
7.648120300752,2.720089542e-13,2.301342838e-13
7.671177944862,2.723484871e-13,2.302699897e-13
7.694235588972,2.726866945e-13,2.304049616e-13
7.717293233083,2.730235813e-13,2.305392053e-13
7.740350877193,2.733591523e-13,2.306727267e-13
7.763408521303,2.736934123e-13,2.308055317e-13
7.786466165414,2.74026366e-13,2.309376259e-13
7.809523809524,2.743580182e-13,2.310690151e-13
7.832581453634,2.746883737e-13,2.311997047e-13
7.855639097744,2.750174372e-13,2.313297005e-13
7.878696741855,2.753452135e-13,2.314590078e-13
7.901754385965,2.756717073e-13,2.31587632e-13
7.924812030075,2.759969234e-13,2.317155787e-13
7.947869674185,2.763208664e-13,2.318428531e-13
7.970927318296,2.76643541e-13,2.319694604e-13
7.993984962406,2.769649519e-13,2.320954059e-13
8.017042606516,2.772851039e-13,2.322206948e-13
8.040100250627,2.776040015e-13,2.323453321e-13
8.063157894737,2.779216495e-13,2.324693228e-13
8.086215538847,2.782380524e-13,2.325926721e-13
8.109273182957,2.78553215e-13,2.327153848e-13
8.132330827068,2.788671418e-13,2.328374658e-13
8.155388471178,2.791798374e-13,2.329589201e-13
8.178446115288,2.794913066e-13,2.330797523e-13
8.201503759398,2.798015537e-13,2.331999672e-13
8.224561403509,2.801105835e-13,2.333195696e-13
8.247619047619,2.804184006e-13,2.33438564e-13
8.270676691729,2.807250093e-13,2.335569552e-13
8.29373433584,2.810304144e-13,2.336747476e-13
8.31679197995,2.813346203e-13,2.337919458e-13
8.33984962406,2.816376316e-13,2.339085542e-13
8.36290726817,2.819394528e-13,2.340245773e-13
8.385964912281,2.822400883e-13,2.341400195e-13
8.409022556391,2.825395428e-13,2.34254885e-13
8.432080200501,2.828378205e-13,2.343691783e-13
8.455137844612,2.831349261e-13,2.344829034e-13
8.478195488722,2.834308639e-13,2.345960648e-13
8.501253132832,2.837256384e-13,2.347086664e-13
8.524310776942,2.840192541e-13,2.348207125e-13
8.547368421053,2.843117153e-13,2.349322072e-13
8.570426065163,2.846030265e-13,2.350431544e-13
8.593483709273,2.84893192e-13,2.351535582e-13
8.616541353383,2.851822162e-13,2.352634226e-13
8.639598997494,2.854701035e-13,2.353727515e-13
8.662656641604,2.857568583e-13,2.354815488e-13
8.685714285714,2.860424849e-13,2.355898183e-13
8.708771929825,2.863269876e-13,2.356975639e-13
8.731829573935,2.866103707e-13,2.358047893e-13
8.754887218045,2.868926386e-13,2.359114984e-13
8.777944862155,2.871737955e-13,2.360176947e-13
8.801002506266,2.874538458e-13,2.361233821e-13
8.824060150376,2.877327936e-13,2.362285641e-13
8.847117794486,2.880106433e-13,2.363332443e-13
8.870175438596,2.882873991e-13,2.364374263e-13
8.893233082707,2.885630652e-13,2.365411136e-13
8.916290726817,2.888376459e-13,2.366443098e-13
8.939348370927,2.891111453e-13,2.367470183e-13
8.962406015038,2.893835676e-13,2.368492426e-13
8.985463659148,2.89654917e-13,2.36950986e-13
9.008521303258,2.899251977e-13,2.370522519e-13
9.031578947368,2.901944139e-13,2.371530438e-13
9.054636591479,2.904625697e-13,2.372533648e-13
9.077694235589,2.907296691e-13,2.373532183e-13
9.100751879699,2.909957164e-13,2.374526076e-13
9.12380952381,2.912607155e-13,2.375515358e-13
9.14686716792,2.915246707e-13,2.376500061e-13
9.16992481203,2.91787586e-13,2.377480218e-13
9.19298245614,2.920494655e-13,2.378455859e-13
9.216040100251,2.923103131e-13,2.379427015e-13
9.239097744361,2.92570133e-13,2.380393718e-13
9.262155388471,2.928289291e-13,2.381355997e-13
9.285213032581,2.930867055e-13,2.382313883e-13
9.308270676692,2.933434662e-13,2.383267406e-13
9.331328320802,2.935992151e-13,2.384216596e-13
9.354385964912,2.938539562e-13,2.385161481e-13
9.377443609023,2.941076936e-13,2.386102092e-13
9.400501253133,2.94360431e-13,2.387038456e-13
9.423558897243,2.946121725e-13,2.387970603e-13
9.446616541353,2.94862922e-13,2.388898561e-13
9.469674185464,2.951126834e-13,2.389822358e-13
9.492731829574,2.953614605e-13,2.390742022e-13
9.515789473684,2.956092573e-13,2.39165758e-13
9.538847117794,2.958560777e-13,2.392569061e-13
9.561904761905,2.961019254e-13,2.39347649e-13
9.584962406015,2.963468043e-13,2.394379895e-13
9.608020050125,2.965907182e-13,2.395279302e-13
9.631077694236,2.96833671e-13,2.396174738e-13
9.654135338346,2.970756665e-13,2.39706623e-13
9.677192982456,2.973167084e-13,2.397953802e-13
9.700250626566,2.975568005e-13,2.398837482e-13
9.723308270677,2.977959465e-13,2.399717293e-13
9.746365914787,2.980341503e-13,2.400593262e-13
9.769423558897,2.982714156e-13,2.401465414e-13
9.792481203008,2.98507746e-13,2.402333773e-13
9.815538847118,2.987431453e-13,2.403198364e-13
9.838596491228,2.989776171e-13,2.404059212e-13
9.861654135338,2.992111653e-13,2.40491634e-13
9.884711779449,2.994437933e-13,2.405769773e-13
9.907769423559,2.996755049e-13,2.406619534e-13
9.930827067669,2.999063038e-13,2.407465648e-13
9.953884711779,3.001361934e-13,2.408308137e-13
9.97694235589,3.003651776e-13,2.409147025e-13
10.0,3.005932598e-13,2.409982334e-13
