T_e (eV),LXCat Biagi_v10_6 [k_iz (m^3 s^-1)],Lallement Arrhenius [k_iz (m^3 s^-1)]
0.8,1.015580648e-23,1.823511078e-23
0.82305764411,1.811841991e-23,3.441959639e-23
0.846115288221,3.135822223e-23,6.276462433e-23
0.869172932331,5.277719476e-23,1.108736995e-22
0.892230576441,8.656384124e-23,1.902023492e-22
0.915288220551,1.386309423e-22,3.175692339e-22
0.938345864662,2.171567453e-22,5.170863672e-22
0.961403508772,3.332420545e-22,8.225713495e-22
0.984461152882,5.01694878e-22,1.280501634e-21
1.007518796992,7.419531163e-22,1.953565408e-21
1.030576441103,1.079154273e-21,2.92485585e-21
1.053634085213,1.545359384e-21,4.302745468e-21
1.076691729323,2.180936361e-21,6.226465457e-21
1.099749373434,3.036105787e-21,8.872401732e-21
1.122807017544,4.172649953e-21,1.246110524e-20
1.145864661654,5.665783631e-21,1.726499957e-20
1.168922305764,7.606182844e-21,2.361675448e-20
1.191979949875,1.010216569e-20,3.191827998e-20
1.215037593985,1.328201727e-20,4.265028273e-20
1.238095238095,1.729644876e-20,5.638231476e-20
1.261152882206,2.232117922e-20,7.378323427e-20
1.284210526316,2.855962681e-20,9.563199011e-20
1.307268170426,3.624569537e-20,1.228286349e-19
1.330325814536,4.564664077e-20,1.564054673e-19
1.353383458647,5.70660009e-20,1.975382004e-19
1.376441102757,7.08465727e-20,2.475570549e-19
1.399498746867,8.737341894e-20,3.079576732e-19
1.422556390977,1.070768877e-19,3.80411756e-19
1.445614035088,1.304356272e-19,4.667773263e-19
1.468671679198,1.579795797e-19,5.691085302e-19
1.491729323308,1.902929366e-19,6.896648913e-19
1.514786967419,2.280170409e-19,8.309199424e-19
1.537844611529,2.718532195e-19,9.955691667e-19
1.560902255639,3.225655329e-19,1.186537188e-18
1.583959899749,3.809834276e-19,1.406984159e-18
1.60701754386,4.480042787e-19,1.660311306e-18
1.63007518797,5.245958117e-19,1.9501656e-18
1.65313283208,6.117983926e-19,2.280443516e-18
1.67619047619,7.107271773e-19,2.65529389e-18
1.699248120301,8.225741111e-19,3.079119838e-18
1.722305764411,9.486097725e-19,3.556579756e-18
1.745363408521,1.090185054e-18,4.092587397e-18
1.768421052632,1.248732674e-18,4.69231105e-18
1.791478696742,1.425768522e-18,5.361171829e-18
1.814536340852,1.622892823e-18,6.1048411e-18
1.837593984962,1.84179113e-18,6.929237085e-18
1.860651629073,2.084235134e-18,7.840520663e-18
1.883709273183,2.352083306e-18,8.845090419e-18
1.906766917293,2.64728135e-18,9.949576975e-18
1.929824561404,2.97186249e-18,1.116083664e-17
1.952882205514,3.327947576e-18,1.248594445e-17
1.975939849624,3.717745026e-18,1.393218659e-17
1.998997493734,4.143550598e-18,1.550705236e-17
2.022055137845,4.607746996e-18,1.721822552e-17
2.045112781955,5.11280332e-18,1.907357536e-17
2.068170426065,5.661274365e-18,2.108114727e-17
2.091228070175,6.255799763e-18,2.3249153e-17
2.114285714286,6.899102989e-18,2.558596062e-17
2.137343358396,7.593990228e-18,2.810008426e-17
2.160401002506,8.343349109e-18,3.080017362e-17
2.183458646617,9.150147315e-18,3.369500331e-17
2.206516290727,1.001743108e-17,3.679346211e-17
2.229573934837,1.094832354e-17,4.010454211e-17
2.252631578947,1.194602308e-17,4.363732782e-17
2.275689223058,1.301380141e-17,4.740098528e-17
2.298746867168,1.415500173e-17,5.140475122e-17
2.321804511278,1.537303668e-17,5.565792221e-17
2.344862155388,1.66713863e-17,6.016984398e-17
2.367919799499,1.805359584e-17,6.494990079e-17
2.390977443609,1.952327356e-17,7.0007505e-17
2.414035087719,2.108408847e-17,7.535208673e-17
2.43709273183,2.273976795e-17,8.09930838e-17
2.46015037594,2.449409544e-17,8.693993181e-17
2.48320802005,2.635090796e-17,9.320205443e-17
2.50626566416,2.83140937e-17,9.978885401e-17
2.529323308271,3.038758951e-17,1.067097024e-16
2.552380952381,3.257537842e-17,1.139739318e-16
2.575438596491,3.488148709e-17,1.215908267e-16
2.598496240602,3.730998326e-17,1.295696147e-16
2.621553884712,3.986497326e-17,1.379194591e-16
2.644611528822,4.255059937e-17,1.46649451e-16
2.667669172932,4.537103735e-17,1.557686014e-16
2.690726817043,4.833049382e-17,1.652858347e-16
2.713784461153,5.143320378e-17,1.752099815e-16
2.736842105263,5.468342803e-17,1.855497718e-16
2.759899749373,5.808545067e-17,1.963138293e-16
2.782957393484,6.164357663e-17,2.075106653e-16
2.806015037594,6.536212916e-17,2.19148673e-16
2.829072681704,6.924544741e-17,2.312361222e-16
2.852130325815,7.329788397e-17,2.437811543e-16
2.875187969925,7.752380254e-17,2.567917779e-16
2.898245614035,8.192757552e-17,2.702758639e-16
2.921303258145,8.65135817e-17,2.842411419e-16
2.944360902256,9.128620399e-17,2.98695196e-16
2.967418546366,9.624982716e-17,3.136454616e-16
2.990476190476,1.014088356e-16,3.290992218e-16
3.013533834586,1.067676113e-16,3.450636048e-16
3.036591478697,1.123305315e-16,3.615455807e-16
3.059649122807,1.181019669e-16,3.785519595e-16
3.082706766917,1.240862792e-16,3.960893886e-16
3.105764411028,1.302878197e-16,4.141643509e-16
3.128822055138,1.367109268e-16,4.327831631e-16
3.151879699248,1.433599246e-16,4.519519742e-16
3.174937343358,1.502391206e-16,4.716767638e-16
3.197994987469,1.573528045e-16,4.919633419e-16
3.221052631579,1.647052457e-16,5.12817347e-16
3.244110275689,1.723006924e-16,5.342442461e-16
3.267167919799,1.801433693e-16,5.562493341e-16
3.29022556391,1.882374766e-16,5.788377331e-16
3.31328320802,1.965871881e-16,6.020143928e-16
3.33634085213,2.051966498e-16,6.257840902e-16
3.359398496241,2.140699783e-16,6.501514298e-16
3.382456140351,2.2321126e-16,6.75120844e-16
3.405513784461,2.326245491e-16,7.006965937e-16
3.428571428571,2.423138668e-16,7.268827687e-16
3.451629072682,2.522831996e-16,7.536832886e-16
3.474686716792,2.625364988e-16,7.811019035e-16
3.497744360902,2.730776786e-16,8.091421954e-16
3.520802005013,2.839106156e-16,8.378075789e-16
3.543859649123,2.950391477e-16,8.671013024e-16
3.566917293233,3.064670726e-16,8.970264498e-16
3.589974937343,3.181981477e-16,9.275859417e-16
3.613032581454,3.302360884e-16,9.587825366e-16
3.636090225564,3.425845677e-16,9.90618833e-16
3.659147869674,3.552472156e-16,1.023097271e-15
3.682205513784,3.682276175e-16,1.056220133e-15
3.705263157895,3.815293146e-16,1.089989547e-15
3.728320802005,3.951558023e-16,1.124407488e-15
3.751378446115,4.091105301e-16,1.159475779e-15
3.774436090226,4.233969007e-16,1.195196094e-15
3.797493734336,4.380182697e-16,1.231569961e-15
3.820551378446,4.52977945e-16,1.268598759e-15
3.843609022556,4.682791861e-16,1.306283728e-15
3.866666666667,4.839252042e-16,1.344625965e-15
3.889724310777,4.999191612e-16,1.383626428e-15
3.912781954887,5.162641696e-16,1.423285939e-15
3.935839598997,5.329632923e-16,1.463605184e-15
3.958897243108,5.50019542e-16,1.50458472e-15
3.981954887218,5.674358813e-16,1.54622497e-15
4.005012531328,5.852152221e-16,1.588526232e-15
4.028070175439,6.033604257e-16,1.631488679e-15
4.051127819549,6.218743022e-16,1.675112358e-15
4.074185463659,6.40759611e-16,1.719397198e-15
4.097243107769,6.6001906e-16,1.764343009e-15
4.12030075188,6.796553062e-16,1.809949484e-15
4.14335839599,6.99670955e-16,1.856216202e-15
4.1664160401,7.200685604e-16,1.903142632e-15
4.189473684211,7.408506252e-16,1.950728132e-15
4.212531328321,7.620196008e-16,1.998971955e-15
4.235588972431,7.835778872e-16,2.047873247e-15
4.258646616541,8.055278332e-16,2.097431053e-15
4.281704260652,8.278717364e-16,2.147644319e-15
4.304761904762,8.506118432e-16,2.198511892e-15
4.327819548872,8.737503492e-16,2.250032523e-15
4.350877192982,8.972893991e-16,2.30220487e-15
4.373934837093,9.212310869e-16,2.355027502e-15
4.396992481203,9.455774561e-16,2.408498895e-15
4.420050125313,9.703305e-16,2.462617442e-15
4.443107769424,9.954921617e-16,2.517381451e-15
4.466165413534,1.021064334e-15,2.572789146e-15
4.489223057644,1.047048862e-15,2.628838671e-15
4.512280701754,1.073447539e-15,2.685528094e-15
4.535338345865,1.100262109e-15,2.742855404e-15
4.558395989975,1.127494271e-15,2.800818518e-15
4.581453634085,1.155145671e-15,2.859415282e-15
4.604511278195,1.183217909e-15,2.918643468e-15
4.627568922306,1.211712537e-15,2.978500784e-15
4.650626566416,1.240631059e-15,3.038984871e-15
4.673684210526,1.269974933e-15,3.100093305e-15
4.696741854637,1.299745567e-15,3.1618236e-15
4.719799498747,1.329944327e-15,3.224173211e-15
4.742857142857,1.360572529e-15,3.287139533e-15
4.765914786967,1.391631446e-15,3.350719906e-15
4.788972431078,1.423122303e-15,3.414911614e-15
4.812030075188,1.455046282e-15,3.479711887e-15
4.835087719298,1.48740452e-15,3.545117907e-15
4.858145363409,1.520198109e-15,3.611126804e-15
4.881203007519,1.553428099e-15,3.677735659e-15
4.904260651629,1.587095494e-15,3.74494151e-15
4.927318295739,1.621201258e-15,3.812741349e-15
4.95037593985,1.655746311e-15,3.881132124e-15
4.97343358396,1.69073153e-15,3.950110742e-15
4.99649122807,1.726157753e-15,4.019674072e-15
5.01954887218,1.762025773e-15,4.089818942e-15
5.042606516291,1.798336347e-15,4.160542146e-15
5.065664160401,1.835090188e-15,4.231840439e-15
5.088721804511,1.87228797e-15,4.303710546e-15
5.111779448622,1.909930329e-15,4.376149156e-15
5.134837092732,1.94801786e-15,4.449152931e-15
5.157894736842,1.986551121e-15,4.522718498e-15
5.180952380952,2.025530632e-15,4.59684246e-15
5.204010025063,2.064956875e-15,4.671521391e-15
5.227067669173,2.104830295e-15,4.74675184e-15
5.250125313283,2.145151299e-15,4.822530329e-15
5.273182957393,2.18592026e-15,4.898853361e-15
5.296240601504,2.227137514e-15,4.975717412e-15
5.319298245614,2.268803363e-15,5.05311894e-15
5.342355889724,2.310918073e-15,5.131054383e-15
5.365413533835,2.353481875e-15,5.209520159e-15
5.388471177945,2.396494968e-15,5.28851267e-15
5.411528822055,2.439957516e-15,5.368028301e-15
5.434586466165,2.483869651e-15,5.44806342e-15
5.457644110276,2.528231473e-15,5.528614383e-15
5.480701754386,2.573043048e-15,5.60967753e-15
5.503759398496,2.618304413e-15,5.691249191e-15
5.526817042607,2.664015571e-15,5.773325684e-15
5.549874686717,2.710176496e-15,5.855903314e-15
5.572932330827,2.756787133e-15,5.93897838e-15
5.595989974937,2.803847394e-15,6.022547171e-15
5.619047619048,2.851357165e-15,6.106605966e-15
5.642105263158,2.899316301e-15,6.19115104e-15
5.665162907268,2.947724628e-15,6.276178661e-15
5.688220551378,2.996581947e-15,6.361685091e-15
5.711278195489,3.045888029e-15,6.447666587e-15
5.734335839599,3.095642618e-15,6.534119405e-15
5.757393483709,3.145845432e-15,6.621039794e-15
5.78045112782,3.196496162e-15,6.708424004e-15
5.80350877193,3.247594474e-15,6.796268282e-15
5.82656641604,3.299140008e-15,6.884568875e-15
5.84962406015,3.35113238e-15,6.973322028e-15
5.872681704261,3.403571179e-15,7.062523989e-15
5.895739348371,3.456455973e-15,7.152171005e-15
5.918796992481,3.509786303e-15,7.242259325e-15
5.941854636591,3.56356169e-15,7.332785203e-15
5.964912280702,3.617781629e-15,7.423744893e-15
5.987969924812,3.672445595e-15,7.515134653e-15
6.011027568922,3.727553038e-15,7.606950747e-15
6.034085213033,3.783103389e-15,7.699189441e-15
6.057142857143,3.839096057e-15,7.791847008e-15
6.080200501253,3.895530427e-15,7.884919727e-15
6.103258145363,3.952405869e-15,7.978403881e-15
6.126315789474,4.009721727e-15,8.072295762e-15
6.149373433584,4.067477329e-15,8.166591668e-15
6.172431077694,4.125671982e-15,8.261287905e-15
6.195488721805,4.184304974e-15,8.356380788e-15
6.218546365915,4.243375575e-15,8.451866638e-15
6.241604010025,4.302883036e-15,8.547741787e-15
6.264661654135,4.362826588e-15,8.644002576e-15
6.287719298246,4.423205449e-15,8.740645355e-15
6.310776942356,4.484018815e-15,8.837666486e-15
6.333834586466,4.545265868e-15,8.935062338e-15
6.356892230576,4.606945772e-15,9.032829294e-15
6.379949874687,4.669057675e-15,9.130963747e-15
6.403007518797,4.731600708e-15,9.229462102e-15
6.426065162907,4.794573989e-15,9.328320774e-15
6.449122807018,4.857976618e-15,9.427536193e-15
6.472180451128,4.92180768e-15,9.527104799e-15
6.495238095238,4.986066248e-15,9.627023046e-15
6.518295739348,5.050751378e-15,9.727287401e-15
6.541353383459,5.115862113e-15,9.827894343e-15
6.564411027569,5.181397483e-15,9.928840366e-15
6.587468671679,5.247356502e-15,1.003012198e-14
6.610526315789,5.313738173e-15,1.01317357e-14
6.6335839599,5.380541486e-15,1.023367807e-14
6.65664160401,5.447765418e-15,1.033594563e-14
6.67969924812,5.515408933e-15,1.043853495e-14
6.702756892231,5.583470984e-15,1.054144261e-14
6.725814536341,5.651950513e-15,1.064466521e-14
6.748872180451,5.720846449e-15,1.074819935e-14
6.771929824561,5.79015771e-15,1.085204166e-14
6.794987468672,5.859883204e-15,1.095618878e-14
6.818045112782,5.930021827e-15,1.106063737e-14
6.841102756892,6.000572467e-15,1.11653841e-14
6.864160401003,6.071533999e-15,1.127042566e-14
6.887218045113,6.14290529e-15,1.137575876e-14
6.910275689223,6.214685197e-15,1.148138011e-14
6.933333333333,6.286872568e-15,1.158728646e-14
6.956390977444,6.359466241e-15,1.169347456e-14
6.979448621554,6.432465045e-15,1.179994118e-14
7.002506265664,6.505867802e-15,1.190668311e-14
7.025563909774,6.579673324e-15,1.201369716e-14
7.048621553885,6.653880415e-15,1.212098015e-14
7.071679197995,6.728487872e-15,1.222852891e-14
7.094736842105,6.803494484e-15,1.233634031e-14
7.117794486216,6.878899032e-15,1.244441122e-14
7.140852130326,6.95470029e-15,1.255273853e-14
7.163909774436,7.030897025e-15,1.266131915e-14
7.186967418546,7.107487996e-15,1.277015001e-14
7.210025062657,7.184471957e-15,1.287922805e-14
7.233082706767,7.261847656e-15,1.298855024e-14
7.256140350877,7.339613833e-15,1.309811355e-14
7.279197994987,7.417769222e-15,1.320791499e-14
7.302255639098,7.496312553e-15,1.331795156e-14
7.325313283208,7.575242548e-15,1.34282203e-14
7.348370927318,7.654557926e-15,1.353871827e-14
7.371428571429,7.734257399e-15,1.364944253e-14
7.394486215539,7.814339675e-15,1.376039017e-14
7.417543859649,7.894803456e-15,1.387155829e-14
7.440601503759,7.975647439e-15,1.398294402e-14
7.46365914787,8.056870319e-15,1.40945445e-14
7.48671679198,8.138470783e-15,1.420635689e-14
7.50977443609,8.220447517e-15,1.431837836e-14
7.532832080201,8.302799202e-15,1.443060611e-14
7.555889724311,8.385524514e-15,1.454303736e-14
7.578947368421,8.468622126e-15,1.465566933e-14
7.602005012531,8.552090708e-15,1.476849928e-14
7.625062656642,8.635928926e-15,1.488152447e-14
7.648120300752,8.720135443e-15,1.499474218e-14
7.671177944862,8.804708919e-15,1.510814973e-14
7.694235588972,8.88964801e-15,1.522174443e-14
7.717293233083,8.974951372e-15,1.533552362e-14
7.740350877193,9.060617654e-15,1.544948467e-14
7.763408521303,9.146645507e-15,1.556362493e-14
7.786466165414,9.233033577e-15,1.567794181e-14
7.809523809524,9.319780508e-15,1.579243272e-14
7.832581453634,9.406884943e-15,1.590709509e-14
7.855639097744,9.494345522e-15,1.602192636e-14
7.878696741855,9.582160884e-15,1.6136924e-14
7.901754385965,9.670329665e-15,1.625208549e-14
7.924812030075,9.758850502e-15,1.636740832e-14
7.947869674185,9.847722026e-15,1.648289003e-14
7.970927318296,9.936942872e-15,1.659852813e-14
7.993984962406,1.002651167e-14,1.671432019e-14
8.017042606516,1.011642705e-14,1.683026378e-14
8.040100250627,1.020668764e-14,1.694635647e-14
8.063157894737,1.029729208e-14,1.706259588e-14
8.086215538847,1.038823898e-14,1.717897963e-14
8.109273182957,1.047952698e-14,1.729550535e-14
8.132330827068,1.057115469e-14,1.741217071e-14
8.155388471178,1.066312076e-14,1.752897338e-14
8.178446115288,1.07554238e-14,1.764591105e-14
8.201503759398,1.084806244e-14,1.776298142e-14
8.224561403509,1.09410353e-14,1.788018222e-14
8.247619047619,1.103434101e-14,1.79975112e-14
8.270676691729,1.11279782e-14,1.811496611e-14
8.29373433584,1.122194549e-14,1.823254472e-14
8.31679197995,1.13162415e-14,1.835024484e-14
8.33984962406,1.141086487e-14,1.846806426e-14
8.36290726817,1.150581422e-14,1.858600082e-14
8.385964912281,1.160108818e-14,1.870405235e-14
8.409022556391,1.169668537e-14,1.882221672e-14
8.432080200501,1.179260442e-14,1.894049179e-14
8.455137844612,1.188884396e-14,1.905887547e-14
8.478195488722,1.198540263e-14,1.917736566e-14
8.501253132832,1.208227906e-14,1.929596027e-14
8.524310776942,1.217947186e-14,1.941465726e-14
8.547368421053,1.227697969e-14,1.953345458e-14
8.570426065163,1.237480117e-14,1.965235019e-14
8.593483709273,1.247293494e-14,1.977134209e-14
8.616541353383,1.257137964e-14,1.989042828e-14
8.639598997494,1.26701339e-14,2.000960677e-14
8.662656641604,1.276919637e-14,2.012887561e-14
8.685714285714,1.286856568e-14,2.024823285e-14
8.708771929825,1.296824048e-14,2.036767654e-14
8.731829573935,1.306821941e-14,2.048720477e-14
8.754887218045,1.316850112e-14,2.060681564e-14
8.777944862155,1.326908426e-14,2.072650726e-14
8.801002506266,1.336996748e-14,2.084627775e-14
8.824060150376,1.347114942e-14,2.096612526e-14
8.847117794486,1.357262875e-14,2.108604794e-14
8.870175438596,1.367440412e-14,2.120604397e-14
8.893233082707,1.377647418e-14,2.132611153e-14
8.916290726817,1.38788376e-14,2.144624882e-14
8.939348370927,1.398149303e-14,2.156645407e-14
8.962406015038,1.408443915e-14,2.168672549e-14
8.985463659148,1.418767462e-14,2.180706134e-14
9.008521303258,1.42911981e-14,2.192745988e-14
9.031578947368,1.439500828e-14,2.204791937e-14
9.054636591479,1.449910381e-14,2.216843812e-14
9.077694235589,1.460348339e-14,2.228901441e-14
9.100751879699,1.470814568e-14,2.240964657e-14
9.12380952381,1.481308938e-14,2.253033293e-14
9.14686716792,1.491831315e-14,2.265107183e-14
9.16992481203,1.502381569e-14,2.277186162e-14
9.19298245614,1.51295957e-14,2.289270069e-14
9.216040100251,1.523565185e-14,2.301358742e-14
9.239097744361,1.534198284e-14,2.31345202e-14
9.262155388471,1.544858738e-14,2.325549746e-14
9.285213032581,1.555546416e-14,2.337651761e-14
9.308270676692,1.566261189e-14,2.349757909e-14
9.331328320802,1.577002927e-14,2.361868036e-14
9.354385964912,1.587771501e-14,2.373981989e-14
9.377443609023,1.598566782e-14,2.386099615e-14
9.400501253133,1.609388642e-14,2.398220763e-14
9.423558897243,1.620236952e-14,2.410345285e-14
9.446616541353,1.631111586e-14,2.422473031e-14
9.469674185464,1.642012414e-14,2.434603855e-14
9.492731829574,1.65293931e-14,2.446737611e-14
9.515789473684,1.663892147e-14,2.458874156e-14
9.538847117794,1.674870798e-14,2.471013344e-14
9.561904761905,1.685875137e-14,2.483155036e-14
9.584962406015,1.696905038e-14,2.495299089e-14
9.608020050125,1.707960376e-14,2.507445366e-14
9.631077694236,1.719041024e-14,2.519593726e-14
9.654135338346,1.730146859e-14,2.531744034e-14
9.677192982456,1.741277754e-14,2.543896153e-14
9.700250626566,1.752433587e-14,2.556049949e-14
9.723308270677,1.763614233e-14,2.568205289e-14
9.746365914787,1.774819568e-14,2.580362039e-14
9.769423558897,1.786049469e-14,2.59252007e-14
9.792481203008,1.797303814e-14,2.604679251e-14
9.815538847118,1.808582479e-14,2.616839453e-14
9.838596491228,1.819885342e-14,2.629000549e-14
9.861654135338,1.831212281e-14,2.641162412e-14
9.884711779449,1.842563176e-14,2.653324917e-14
9.907769423559,1.853937904e-14,2.665487939e-14
9.930827067669,1.865336344e-14,2.677651356e-14
9.953884711779,1.876758377e-14,2.689815045e-14
9.97694235589,1.888203882e-14,2.701978886e-14
10.0,1.89967274e-14,2.714142759e-14
