epsilon_eV,f0_boltzmann,f0_maxwell
0.05,1.404925021474725,1.0129443419628672
0.15000000000000002,0.9115859550242411,0.9200221179840284
0.25,0.7645984166251869,0.8356240935603612
0.35000000000000003,0.6325213457826081,0.7589683031410525
0.45,0.5409293367178217,0.6893445146112209
0.55,0.47710038955826417,0.6261076488411212
0.6500000000000001,0.4493486766460385,0.5686718028915403
0.75,0.4271066766311572,0.5165048214991166
0.8500000000000001,0.40679544603468293,0.4691233665452465
0.95,0.38957970928036945,0.4260884388261653
1.05,0.37323567432203414,0.3870013106324524
1.1500000000000001,0.3552534417604305,0.35149983145245295
1.25,0.33609679837202,0.31925507257117364
1.35,0.31589307601730515,0.28996827947615217
1.4500000000000002,0.29519941536230576,0.26336810383369885
1.55,0.2746279204569538,0.2392080893891795
1.6500000000000001,0.2543172952629902,0.2172643884976785
1.75,0.2345650362953597,0.1973336881282136
1.85,0.21553189274669984,0.1792313261254922
1.9500000000000002,0.1974397221882776,0.16278958027597762
2.05,0.1802640216189476,0.14785611432609816
2.1500000000000004,0.16431767219891794,0.13429256655463112
2.25,0.14947404469037248,0.12197326782208542
2.3500000000000005,0.1356593099681401,0.11078407721953772
2.45,0.12287360931578195,0.10062132452896569
2.55,0.11101225802946713,0.09139084969674563
2.6500000000000004,0.10023949928267073,0.08300713042083627
2.75,0.0903856100572592,0.07539248976855809
2.8500000000000005,0.0813587231272475,0.06847637648337905
2.95,0.07309448767486666,0.062194711312598065
3.05,0.0655486583502452,0.05648929329951211
3.1500000000000004,0.05866485178577828,0.05130726053924024
3.25,0.052399729401245064,0.04660060040199188
3.3500000000000005,0.046710783380700296,0.04232570468589435
3.45,0.04155799656571817,0.03844296557777757
3.55,0.036902508379391644,0.03491640867840552
3.6500000000000004,0.032707749915284634,0.031713359692057144
3.75,0.028935497946517542,0.028804141692264196
3.8500000000000005,0.025550848492519946,0.026161800158809118
3.95,0.022520216078474292,0.02376185323839324
4.050000000000001,0.019817244584467122,0.021582064915086505
4.15,0.017401170676779185,0.01960223898893604
4.25,0.015250415059164692,0.01780403195390094
4.35,0.01334282476775927,0.0161707830413882
4.45,0.01165604834784829,0.01468735985470716
4.550000000000001,0.010171321159558634,0.01334001816421283
4.65,0.008862212057285561,0.012116274564110659
4.75,0.007709900458335881,0.011004790811060917
4.8500000000000005,0.006704786370019019,0.009995268772955526
4.95,0.005808241628726358,0.009078355014545575
5.050000000000001,0.004963854956788046,0.008245554135884915
5.15,0.004178062283297118,0.007489150060652492
5.25,0.0034868642500586176,0.006802134545072871
5.3500000000000005,0.0028999952137306203,0.006178142245055034
5.45,0.00241281873711457,0.005611391739932833
5.550000000000001,0.002014054370796204,0.005096631966379391
5.65,0.001689755390140405,0.004629093566194541
5.75,0.001425893312910797,0.004204444697192125
5.8500000000000005,0.0012112660418396334,0.003818750897765727
5.95,0.001034296289202026,0.0034684386332695725
6.050000000000001,0.0008830281056219887,0.003150262186464021
6.15,0.0007534070764891933,0.0028612735852587166
6.25,0.0006445088911601552,0.0025987952891275263
6.3500000000000005,0.0005537696535866174,0.0023603953811291126
6.45,0.00047852300812337725,0.0021438650356820216
6.550000000000001,0.000416672341617965,0.001947198053328366
6.65,0.00036548442653011257,0.0017685722728714472
6.75,0.00032280073369728537,0.0016063326886667823
6.8500000000000005,0.0002860794279716815,0.0014589761166446857
6.95,0.0002558506623657666,0.0013251372669918747
7.050000000000001,0.0002363305349297776,0.001203576094452506
7.15,0.00022529917484704945,0.0010931663090465553
7.25,0.00021742379859232913,0.0009928849407548836
7.3500000000000005,0.00021055817504071279,0.0009018028614855918
7.45,0.00020412693425694137,0.0008190761765057039
7.550000000000001,0.00019847526527091286,0.0007439384055779267
7.65,0.00019336244714663104,0.0006756933813591069
7.75,0.00018825302927907609,0.0006137087992625213
7.8500000000000005,0.00018281338240509746,0.0005574103590221124
7.95,0.00017725265675264863,0.0005062764436790357
8.05,0.00017231751697499326,0.00045983328669018124
8.15,0.00016785935594476514,0.0004176505823809281
8.25,0.0001632988344883789,0.00037933749907203716
8.350000000000001,0.00015822299088363525,0.0003445390579414613
8.45,0.0001529513754459322,0.000312932844070465
8.55,0.0001484344827015764,0.00028422601920118974
8.65,0.00014448999207545153,0.0002581526085282522
8.75,0.0001402382831248411,0.0002344710363858974
8.850000000000001,0.00013540055365932722,0.0002129618879983546
8.95,0.00012901440464743413,0.00019342587655552196
9.05,0.00011960946320174168,0.0001756819967785079
9.15,0.00010758551656417094,0.00015956584786743543
9.25,9.445906960794336e-05,0.00014492811029324728
9.350000000000001,8.125963996992446e-05,0.00013163316232068346
9.45,6.865559314687386e-05,0.00011955782344421281
9.55,5.705122585675982e-05,0.00010859021309458803
9.650000000000002,4.666207809146728e-05,9.862871404170615e-05
9.75,3.7563045827951764e-05,8.958103088947224e-05
9.850000000000001,2.9777127509550336e-05,8.136333493942949e-05
9.95,2.3084543145855092e-05,7.389948750013556e-05
10.05,1.7183509193835925e-05,6.712033444607681e-05
10.150000000000002,1.2152141995665978e-05,6.09630654900678e-05
10.25,8.177594825744176e-06,5.5370632232651716e-05
10.350000000000001,5.2394105354140915e-06,5.029121959661066e-05
10.45,3.2024152611575577e-06,4.567776574931483e-05
10.55,1.8778555261711657e-06,4.148752606488562e-05
10.650000000000002,1.0612654853297107e-06,3.768167708619559e-05
10.75,5.779746144959635e-07,3.422495681732415e-05
10.850000000000001,3.0340837621201417e-07,3.10853380137057e-05
10.95,1.5383201595783724e-07,2.8233731442933906e-05
11.05,7.557611486006887e-08,2.5643716366868743e-05
11.150000000000002,3.604042213229691e-08,2.329129574790902e-05
11.25,1.667902212062202e-08,2.1154673911362107e-05
11.350000000000001,7.488222180723181e-09,1.9214054603906635e-05
11.45,3.2617631714258037e-09,1.7451457577118292e-05
11.55,1.3803383298584063e-09,1.585055199666374e-05
11.650000000000002,5.691664514692472e-10,1.439650513366617e-05
11.75,2.2867344658240986e-10,1.3075844936334197e-05
11.850000000000001,8.946851048107276e-11,1.1876335208551767e-05
11.95,3.4195117630592824e-11,1.0786862238933017e-05
12.05,1.2997530976696183e-11,9.797331829934715e-06
12.150000000000002,5.035106621237692e-12,8.898575772980907e-06
12.25,1.986951750188246e-12,8.082266903070773e-06
12.350000000000001,7.982776194897665e-13,7.3408419458331485e-06
12.45,3.264436129196054e-13,6.667431442189745e-06
12.55,1.3600907163282178e-13,6.05579610136326e-06
12.650000000000002,5.780921751429064e-14,5.5002689925285924e-06
12.75,2.5053762897807922e-14,4.995703039499831e-06
12.850000000000001,1.1062593778947611e-14,4.537423331980426e-06
12.95,4.9767128472810235e-15,4.121183811530503e-06
13.05,2.2856284747779214e-15,3.7431279309369697e-06
13.150000000000002,0.0,3.3997529224878585e-06
13.25,0.0,3.087877344088411e-06
13.350000000000001,0.0,2.804611602526977e-06
13.45,0.0,2.547331180782728e-06
13.55,0.0,2.3136523213201278e-06
13.650000000000002,0.0,2.101409940071154e-06
13.75,0.0,1.908637566473355e-06
13.850000000000001,0.0,1.7335491237040404e-06
13.95,0.0,1.5745223803007498e-06
14.05,0.0,1.4300839198434954e-06
14.150000000000002,0.0,1.298895489439975e-06
14.25,0.0,1.1797416005293986e-06
14.350000000000001,0.0,1.0715182671238133e-06
14.45,0.0,9.732227771444193e-07
14.55,0.0,8.839444020819939e-07
14.650000000000002,0.0,8.02855958904613e-07
14.75,0.0,7.292061460318619e-07
14.850000000000001,0.0,6.623125823667383e-07
14.95,0.0,6.015554848904584e-07
15.05,0.0,5.463719262416455e-07
15.150000000000002,0.0,4.962506190752564e-07
15.25,0.0,4.507271788771599e-07
15.350000000000001,0.0,4.0937982134336393e-07
15.45,0.0,3.718254544592268e-07
15.55,0.0,3.377161290708818e-07
15.650000000000002,0.0,3.0673581506272884e-07
15.75,0.0,2.7859747327155226e-07
15.850000000000001,0.0,2.5304039600794565e-07
15.95,0.0,2.298277915444262e-07
16.05,0.0,2.087445901899768e-07
16.15,0.0,1.8959545162386723e-07
16.25,0.0,1.7220295502625235e-07
16.35,0.0,1.564059552367477e-07
16.450000000000003,0.0,1.420580897104241e-07
16.55,0.0,1.2902642243786858e-07
16.65,0.0,1.1719021226493197e-07
16.75,0.0,1.0643979420039309e-07
16.85,0.0,9.667556334661828e-08
16.950000000000003,0.0,8.780705203910904e-08
17.05,0.0,7.975209164445542e-08
17.15,0.0,7.243605125056143e-08
17.25,0.0,6.579114619545792e-08
17.35,0.0,5.975581002807056e-08
17.450000000000003,0.0,5.4274124082023726e-08
17.55,0.0,4.9295299377369025e-08
17.65,0.0,4.477320604993964e-08
17.75,0.0,4.0665945948401053e-08
17.85,0.0,3.693546443901601e-08
17.950000000000003,0.0,3.354719782141085e-08
18.05,0.0,3.0469753088580983e-08
18.15,0.0,2.767461706403845e-08
18.25,0.0,2.5135892221200503e-08
18.35,0.0,2.2830056737327524e-08
18.450000000000003,0.0,2.0735746558858322e-08
18.55,0.0,1.8833557458935162e-08
18.65,0.0,1.7105865253136165e-08
18.75,0.0,1.5536662507678627e-08
18.85,0.0,1.4111410227158889e-08
18.950000000000003,0.0,1.2816903147683588e-08
19.05,0.0,1.1641147387306621e-08
19.150000000000002,0.0,1.0573249320175076e-08
19.25,0.0,9.603314644781599e-09
19.35,0.0,8.72235671116754e-09
19.450000000000003,0.0,7.922213257709977e-09
19.55,0.0,7.1954707860411704e-09
19.650000000000002,0.0,6.53539587341757e-09
19.75,0.0,5.935872786133918e-09
19.85,0.0,5.391346815956526e-09
19.950000000000003,0.0,4.896772814576404e-09
20.05,0.0,4.447568449242951e-09
20.150000000000002,0.0,4.0395717464814476e-09
20.25,0.0,3.6690025305285162e-09
20.35,0.0,3.332427399203882e-09
20.450000000000003,0.0,3.0267279127128413e-09
20.55,0.0,2.749071700641906e-09
20.650000000000002,0.0,2.4968862194476205e-09
20.75,0.0,2.2678349172965165e-09
20.85,0.0,2.05979558541802e-09
20.950000000000003,0.0,1.8708406953912387e-09
21.05,0.0,1.6992195401864073e-09
21.150000000000002,0.0,1.543342013493821e-09
21.25,0.0,1.4017638770525574e-09
21.35,0.0,1.2731733794774218e-09
21.450000000000003,0.0,1.1563791026048656e-09
21.55,0.0,1.0502989227516737e-09
21.650000000000002,0.0,9.539499846100735e-10
21.75,0.0,8.664395948854261e-10
21.85,0.0,7.869569513039791e-10
21.950000000000003,0.0,7.147656303582762e-10
22.05,0.0,6.491967641875819e-10
22.150000000000002,0.0,5.896428433756253e-10
22.25,0.0,5.35552088247366e-10
22.35,0.0,4.864233365135606e-10
22.450000000000003,0.0,4.418013998961332e-10
22.55,0.0,4.0127284671249094e-10
22.650000000000002,0.0,3.644621713435068e-10
22.75,0.0,3.3102831509453556e-10
22.85,0.0,3.0066150621444833e-10
22.950000000000003,0.0,2.730803897948266e-10
23.05,0.0,2.480294209572191e-10
23.150000000000002,0.0,2.252764971757728e-10
23.25,0.0,2.0461080779823858e-10
23.35,0.0,1.8584088084067624e-10
23.450000000000003,0.0,1.6879280895901737e-10
23.55,0.0,1.5330863816073514e-10
23.650000000000002,0.0,1.3924490432768232e-10
23.75,0.0,1.2647130399069244e-10
23.85,0.0,1.1486948704036908e-10
23.950000000000003,0.0,1.0433196018828547e-10
24.05,0.0,9.476109101892867e-11
24.150000000000002,0.0,8.606820340471182e-11
24.25,0.0,7.81727559028963e-11
24.35,0.0,7.100159552208407e-11
24.450000000000003,0.0,6.448827994427703e-11
24.55,0.0,5.857246192274586e-11
24.650000000000002,0.0,5.319933015202029e-11
24.75,0.0,4.831910142955071e-11
24.85,0.0,4.3886559403803817e-11
24.950000000000003,0.0,3.986063563520004e-11
25.05,0.0,3.6204029088333526e-11
25.150000000000002,0.0,3.288286052998657e-11
25.25,0.0,2.986635863086806e-11
25.35,0.0,2.7126574862737214e-11
25.450000000000003,0.0,2.4638124549376858e-11
25.55,0.0,2.2377951672198606e-11
25.650000000000002,0.0,2.0325115251352203e-11
25.75,0.0,1.8460595323117984e-11
25.85,0.0,1.6767116715918894e-11
25.950000000000003,0.0,1.5228988992201257e-11
26.05,0.0,1.3831961073211785e-11
26.150000000000002,0.0,1.2563089199737533e-11
26.25,0.0,1.1410617005439087e-11
26.35,0.0,1.0363866591629058e-11
26.450000000000003,0.0,9.413139594281857e-12
26.55,0.0,8.549627326639447e-12
26.650000000000002,0.0,7.765329164864715e-12
26.75,0.0,7.052978420569407e-12
26.85,0.0,6.4059750134087674e-12
26.950000000000003,0.0,5.8183243199408966e-12
27.05,0.0,5.284581632172496e-12
27.150000000000002,0.0,4.799801711187253e-12
27.25,0.0,4.359492968461396e-12
27.35,0.0,3.95957585034555e-12
27.450000000000003,0.0,3.5963450401373108e-12
27.55,0.0,3.266435127538121e-12
27.650000000000002,0.0,2.9667894274147654e-12
27.75,0.0,2.694631658965152e-12
27.85,0.0,2.4474402228891813e-12
27.950000000000003,0.0,2.2229248382378963e-12
28.05,0.0,2.019005322475962e-12
28.150000000000002,0.0,1.8337923181503376e-12
28.25,0.0,1.6655697875938856e-12
28.35,0.0,1.5127791134732538e-12
28.450000000000003,0.0,1.3740046578696223e-12
28.55,0.0,1.2479606460938947e-12
28.650000000000002,0.0,1.1334792537121518e-12
28.75,0.0,1.0294997864052847e-12
28.85,0.0,9.350588524116717e-13
28.950000000000003,0.0,8.492814364987434e-13
29.05,0.0,7.71372792761735e-13
29.150000000000002,0.0,7.00611081134722e-13
29.25,0.0,6.36340679389745e-13
29.35,0.0,5.779661086581302e-13
29.450000000000003,0.0,5.249465161928224e-13
29.55,0.0,4.767906642532624e-13
29.650000000000002,0.0,4.3305237868378077e-13
29.75,0.0,3.933264150156833e-13
29.85,0.0,3.5724470379149355e-13
29.950000000000003,0.0,3.2447294032358017e-13
30.05,0.0,2.9470748729050094e-13
30.150000000000002,0.0,2.6767256147297406e-13
30.25,0.0,2.4311767856402535e-13
30.35,0.0,2.2081533237887843e-13
30.450000000000003,0.0,2.005588869620336e-13
30.55,0.0,1.8216066206142477e-13
30.650000000000002,0.0,1.6545019423117315e-13
30.75,0.0,1.502726574517096e-13
30.85,0.0,1.364874286339401e-13
30.950000000000003,0.0,1.2396678471658246e-13
31.05,0.0,1.1259471928498282e-13
31.150000000000002,0.0,1.0226586774713835e-13
31.25,0.0,9.28845311084685e-14
31.35,0.0,8.436378930037916e-14
31.450000000000003,0.0,7.662469584744288e-14
31.55,0.0,6.959554641160227e-14
31.650000000000002,0.0,6.321121443630615e-14
31.75,0.0,5.741254773518945e-14
31.85,0.0,5.214582043454906e-14
31.950000000000003,0.0,4.7362235191760595e-14
32.05,0.0,4.3017471077575676e-14
32.150000000000006,0.0,3.907127293333385e-14
32.25,0.0,3.548707839840606e-14
32.35,0.0,3.223167915218352e-14
32.45,0.0,2.92749132319656e-14
32.55,0.0,2.658938557599365e-14
32.650000000000006,0.0,2.4150214202406943e-14
32.75,0.0,2.193479967241977e-14
32.85,0.0,1.9922615701736934e-14
32.95,0.0,1.8095018980189662e-14
33.05,0.0,1.6435076437522254e-14
33.150000000000006,0.0,1.4927408354913108e-14
33.25,0.0,1.3558045868627976e-14
33.35,0.0,1.2314301545540334e-14
33.45,0.0,1.1184651831381046e-14
33.55,0.0,1.0158630282569254e-14
33.650000000000006,0.0,9.226730592398696e-15
33.75,0.0,8.380318513095453e-15
33.85,0.0,7.611551857684898e-15
33.95,0.0,6.913307840470876e-15
34.05,0.0,6.279117082919435e-15
34.150000000000006,0.0,5.703103673497773e-15
34.25,0.0,5.179930726111187e-15
34.35,0.0,4.704750932724044e-15
34.45,0.0,4.273161652025693e-15
34.55,0.0,3.88116411802707e-15
34.650000000000006,0.0,3.525126390647965e-15
34.75,0.0,3.201749705024005e-15
34.85,0.0,2.908037907752011e-15
34.95,0.0,2.64126969689507e-15
35.05,0.0,2.3989734085444193e-15
35.150000000000006,0.0,2.1789041163303137e-15
35.25,0.0,1.979022831704436e-15
35.35,0.0,1.7974776122795144e-15
35.45,0.0,1.632586403191441e-15
35.55,0.0,1.4828214525050215e-15
35.650000000000006,0.0,1.346795156269128e-15
35.75,0.0,1.2232472020726094e-15
35.85,0.0,1.111032891983061e-15
35.95,0.0,1.0091125366783908e-15
36.05,0.0,9.165418225053135e-16
36.150000000000006,0.0,8.324630622135295e-16
36.25,0.0,7.560972483019606e-16
36.35,0.0,6.867368353494033e-16
36.45,0.0,6.237391844565635e-16
36.55,0.0,5.66520609060667e-16
36.650000000000006,0.0,5.145509669559887e-16
36.75,0.0,4.67348748414189e-16
36.85,0.0,4.2447661489477026e-16
36.95,0.0,3.8553734701100887e-16
37.05,0.0,3.5017016420830723e-16
37.150000000000006,0.0,3.18047382056013e-16
37.25,0.0,2.888713761818674e-16
37.35,0.0,2.623718247192147e-16
37.45,0.0,2.3830320371773787e-16
37.55,0.0,2.1644251231210338e-16
37.650000000000006,0.0,1.9658720657177352e-16
37.75,0.0,1.7855332288865047e-16
37.85,0.0,1.6217377351531207e-16
37.95,0.0,1.472967984616953e-16
38.05,0.0,1.3378455940668432e-16
38.150000000000006,0.0,1.2151186259689814e-16
38.25,0.0,1.1036499890008867e-16
38.35000000000001,0.0,1.0024069026596692e-16
38.45,0.0,9.104513283322887e-17
38.55,0.0,8.269312781692337e-17
38.650000000000006,0.0,7.510729212369494e-17
38.75,0.0,6.821734138105319e-17
38.85000000000001,0.0,6.19594387377866e-17
38.95,0.0,5.627560340203762e-17
39.05,0.0,5.111317343699621e-17
39.150000000000006,0.0,4.642431783691618e-17
39.25,0.0,4.2165593362729115e-17
39.35000000000001,0.0,3.829754203124125e-17
39.45,0.0,3.478432552857572e-17
39.55,0.0,3.159339316060804e-17
39.650000000000006,0.0,2.869518026390234e-17
39.75,0.0,2.6062834282850264e-17
39.85000000000001,0.0,2.3671965975060024e-17
39.95,0.0,2.150042343986855e-17
40.05,0.0,1.9528086876294055e-17
40.150000000000006,0.0,1.7736682168824152e-17
40.25,0.0,1.6109611573870065e-17
40.35000000000001,0.0,1.4631799938159994e-17
40.45,0.0,1.3289555024256363e-17
40.55,0.0,1.2070440649077516e-17
40.650000000000006,0.0,1.0963161460031906e-17
40.75,0.0,9.957458281186797e-18
40.85000000000001,0.0,9.044013059831946e-18
40.95,0.0,8.214362532750938e-18
41.05,0.0,7.460819812296491e-18
41.150000000000006,0.0,6.776403165750466e-18
41.25,0.0,6.154771328093349e-18
41.35000000000001,0.0,5.590164748841977e-18
41.45,0.0,5.0773522285964274e-18
41.55,0.0,4.611582450870207e-18
41.650000000000006,0.0,4.188539960138374e-18
41.75,0.0,3.804305178229154e-18
41.85000000000001,0.0,3.4553180886026264e-18
41.95,0.0,3.1383452520447166e-18
42.05,0.0,2.8504498481686123e-18
42.150000000000006,0.0,2.588964465152682e-18
42.25,0.0,2.351466385605698e-18
42.35000000000001,0.0,2.135755139577537e-18
42.45,0.0,1.939832116739788e-18
42.55,0.0,1.7618820488379913e-18
42.650000000000006,0.0,1.6002561908474263e-18
42.75,0.0,1.453457045001668e-18
42.85000000000001,0.0,1.3201244861588424e-18
42.95,0.0,1.1990231599545898e-18
43.05,0.0,1.0890310369824512e-18
43.150000000000006,0.0,9.891290169540858e-19
43.25,0.0,8.983914865195237e-19
43.35000000000001,0.0,8.159777432636102e-19
43.45,0.0,7.411242064203587e-19
43.55,0.0,6.731373421355154e-19
43.650000000000006,0.0,6.11387237728756e-19
43.75,0.0,5.553017654194435e-19
43.85000000000001,0.0,5.043612814416542e-19
43.95,0.0,4.580938114348055e-19
44.05,0.0,4.1607067750132834e-19
44.150000000000006,0.0,3.779025264152697e-19
44.25,0.0,3.4323572218229357e-19
44.35000000000001,0.0,3.1174906952736007e-19
44.45,0.0,2.8315083795258435e-19
44.55,0.0,2.571760587924185e-19
44.650000000000006,0.0,2.3358407022293924e-19
44.75,0.0,2.1215628747913698e-19
44.85000000000001,0.0,1.9269417762080615e-19
44.95,0.0,1.7501742008287377e-19
45.05,0.0,1.58962235967205e-19
45.150000000000006,0.0,1.443798705964691e-19
45.25,0.0,1.3113521527058724e-19
45.35000000000001,0.0,1.1910555545603573e-19
45.45,0.0,1.081794338097446e-19
45.55,0.0,9.825561750322023e-20
45.650000000000006,0.0,8.92421602789841e-20
45.75,0.0,8.105555054904605e-20
45.85000000000001,0.0,7.361993764236679e-20
45.95,0.0,6.686642903235209e-20
46.05,0.0,6.073245203301473e-20
46.150000000000006,0.0,5.516117404980353e-20
46.25,0.0,5.0100976013592706e-20
46.35000000000001,0.0,4.550497411908323e-20
46.45,0.0,4.1330585436432816e-20
46.55,0.0,3.75391333713981e-20
46.650000000000006,0.0,3.409548931850817e-20
46.75,0.0,3.096774718710629e-20
46.85000000000001,0.0,2.812692778466579e-20
46.95,0.0,2.5546710318443877e-20
47.05,0.0,2.320318852776696e-20
47.150000000000006,0.0,2.1074649187468735e-20
47.25,0.0,1.914137093026599e-20
47.35000000000001,0.0,1.738544152411743e-20
47.45,0.0,1.5790591911606136e-20
47.55,0.0,1.43420454736792e-20
47.650000000000006,0.0,1.3026381121146687e-20
47.75,0.0,1.183140894545212e-20
47.85000000000001,0.0,1.0746057276589272e-20
47.95,0.0,9.760270101738525e-21
48.05,0.0,8.864913894180058e-21
48.150000000000006,0.0,8.051692989236845e-21
48.25,0.0,7.313072723186619e-21
48.35000000000001,0.0,6.642209623008043e-21
48.45,0.0,6.032888000156078e-21
48.55,0.0,5.479462360892037e-21
48.650000000000006,0.0,4.976805099589969e-21
48.75,0.0,4.5202589903862076e-21
48.85000000000001,0.0,4.105594036995867e-21
48.95,0.0,3.728968280902857e-21
49.05,0.0,3.386892204801203e-21
49.150000000000006,0.0,3.0761964014791007e-21
49.25,0.0,2.794002208590655e-21
49.35000000000001,0.0,2.5376950372400936e-21
49.45,0.0,2.3049001472627646e-21
49.55,0.0,2.0934606447548985e-21
49.650000000000006,0.0,1.9014174979953595e-21
49.75,0.0,1.72699138660248e-21
49.85000000000001,0.0,1.5685662157540609e-21
49.95,0.0,1.4246741427271338e-21
50.05,0.0,1.29398197702451e-21
50.150000000000006,0.0,1.175278828082824e-21
50.25,0.0,1.0674648861153204e-21
50.35000000000001,0.0,9.695412321414478e-22
50.45,0.0,8.806005827912723e-22
50.55,0.0,7.998188841330278e-22
50.650000000000006,0.0,7.264476766391351e-22
50.75,0.0,6.598071605504032e-22
50.85000000000001,0.0,5.992798973873538e-22
50.95,0.0,5.4430508925215745e-22
51.05,0.0,4.943733829174346e-22
51.150000000000006,0.0,4.490221505608637e-22
51.25,0.0,4.0783120342054736e-22
51.35000000000001,0.0,3.704188986572154e-22
51.45,0.0,3.3643860335261804e-22
51.55,0.0,3.0557548288217225e-22
51.650000000000006,0.0,2.7754358390557183e-22
51.75,0.0,2.520831849486194e-22
51.85000000000001,0.0,2.2895839002878734e-22
51.95,0.0,2.0795494302906218e-22
52.05,0.0,1.8887824256967912e-22
52.150000000000006,0.0,1.7155153898517637e-22
52.25,0.0,1.5581429670135613e-22
52.35000000000001,0.0,1.415207068392184e-22
52.45,0.0,1.2853833626486455e-22
52.55,0.0,1.167469005684819e-22
52.650000000000006,0.0,1.0603714960384447e-22
52.75,0.0,9.630985526260519e-23
52.85000000000001,0.0,8.747489210486663e-23
52.95,0.0,7.9450402327924e-23
53.05,0.0,7.216203733640052e-23
53.150000000000006,0.0,6.554226888678477e-23
53.25,0.0,5.952976342397017e-23
53.35000000000001,0.0,5.406881381288798e-23
53.45,0.0,4.910882320012111e-23
53.55,0.0,4.460383622334835e-23
53.650000000000006,0.0,4.051211322519196e-23
53.75,0.0,3.679574352646548e-23
53.85000000000001,0.0,3.342029417570579e-23
53.95,0.0,3.035449092059728e-23
54.05,0.0,2.756992844540585e-23
54.150000000000006,0.0,2.5040807189720353e-23
54.25,0.0,2.2743694310067849e-23
54.35000000000001,0.0,2.065730656966023e-23
54.45,0.0,1.8762313144704798e-23
54.55,0.0,1.704115652023046e-23
54.650000000000006,0.0,1.547788981599774e-23
54.75,0.0,1.405802903528112e-23
54.85000000000001,0.0,1.2768418867573264e-23
54.95,0.0,1.1597110801851595e-23
55.05,0.0,1.0533252421095143e-23
55.150000000000006,0.0,9.5669868523453e-24
55.25,0.0,8.689361440692827e-24
55.35000000000001,0.0,7.892244801035613e-24
55.45,0.0,7.168251479076253e-24
55.55,0.0,6.510673523524859e-24
55.650000000000006,0.0,5.913418335511464e-24
55.75,0.0,5.370952219369129e-24
55.85000000000001,0.0,4.8782491117721554e-24
55.95,0.0,4.43074401419665e-24
56.05,0.0,4.024290697243172e-24
56.150000000000006,0.0,3.655123284944314e-24
56.25,0.0,3.3198213631272684e-24
56.35000000000001,0.0,3.0152782885527056e-24
56.45,0.0,2.7386724052082425e-24
56.55,0.0,2.487440901068277e-24
56.650000000000006,0.0,2.2592560630984837e-24
56.75,0.0,2.052003710502318e-24
56.85000000000001,0.0,1.863763606388383e-24
56.95,0.0,1.692791666369617e-24
57.05,0.0,1.537503799252363e-24
57.150000000000006,0.0,1.3964612300963908e-24
57.25,0.0,1.2683571696607246e-24
57.35000000000001,0.0,1.1520047067247965e-24
57.45,0.0,1.046325811105003e-24
57.55,0.0,9.503413454768875e-25
57.650000000000006,0.0,8.631619934607221e-25
57.75,0.0,7.839800199171889e-25
57.85000000000001,0.0,7.12061787110324e-25
57.95,0.0,6.46740957398773e-25
58.05,0.0,5.874123194765342e-25
58.150000000000006,0.0,5.335261809621926e-25
58.25,0.0,4.845832753827279e-25
58.35000000000001,0.0,4.401301363639914e-25
58.45,0.0,3.9975489616885985e-25
58.55,0.0,3.6308346965547884e-25
58.650000000000006,0.0,3.2977608829929697e-25
58.75,0.0,2.995241521658358e-25
58.85000000000001,0.0,2.720473706669695e-25
58.95,0.0,2.470911656093612e-25
59.05,0.0,2.2442431247362765e-25
59.150000000000006,0.0,2.038367980702582e-25
59.25,0.0,1.8513787472298949e-25
59.35000000000001,0.0,1.6815429295121994e-25
59.45,0.0,1.527286962769371e-25
59.55,0.0,1.3871816328364425e-25
59.650000000000006,0.0,1.2599288341920545e-25
59.75,0.0,1.1443495427362961e-25
59.85000000000001,0.0,1.0393728918828323e-25
59.95,0.0,9.44026250753554e-26
