composition,bias,r_cm,nF_m-3,nF_normalized
90pct_SF6,bias_off,0.15111271804043516,2.1829343879508168e+20,1.0
90pct_SF6,bias_off,0.4531642392322628,2.1758471203590242e+20,0.9967533299988711
90pct_SF6,bias_off,0.754694815467764,2.1617785927348312e+20,0.9903085519506406
90pct_SF6,bias_off,1.0553598080104576,2.140939174096051e+20,0.9807620356861995
90pct_SF6,bias_off,1.3548185378002071,2.1136401337161757e+20,0.9682563733398833
90pct_SF6,bias_off,1.652735815439179,2.080288062764975e+20,0.9529778239087622
90pct_SF6,bias_off,1.9487834183683697,2.0413768146023118e+20,0.9351526211095198
90pct_SF6,bias_off,2.2426415016516534,1.9974766390999885e+20,0.9150419958224568
90pct_SF6,bias_off,2.5339999298610736,1.9492203475608584e+20,0.8929358382551514
90pct_SF6,bias_off,2.822559518817317,1.8972866270256916e+20,0.8691450542435813
90pct_SF6,bias_off,3.1080331773526955,1.842380995321506e+20,0.8439928407793337
90pct_SF6,bias_off,3.3901469407971856,1.785215286526118e+20,0.8178052883219963
90pct_SF6,bias_off,3.668640889506067,1.7264868901810884e+20,0.7909018703039404
90pct_SF6,bias_off,3.9432699474146715,1.6668591429373847e+20,0.763586460563349
90pct_SF6,bias_off,4.213804557286315,1.606944222767023e+20,0.7361394972001462
90pct_SF6,bias_off,4.480031230979536,1.5472896215673048e+20,0.7088117856898989
90pct_SF6,bias_off,4.741752974668693,1.4883688130148998e+20,0.6818202238373615
90pct_SF6,bias_off,4.9987895904789985,1.4305762092865634e+20,0.6553454914554195
90pct_SF6,bias_off,5.250977857418331,1.374226016899358e+20,0.6295315262266694
90pct_SF6,bias_off,5.498171595782775,1.3195542240583477e+20,0.6044864341053563
90pct_SF6,bias_off,5.74024162036436,1.2667227125295756e+20,0.5802843729621597
90pct_SF6,bias_off,5.977075588786137,1.215824351757923e+20,0.5569678861943497
90pct_SF6,bias_off,6.208577752123996,1.166887818340086e+20,0.5345501105214056
90pct_SF6,bias_off,6.4346686156434405,1.1198806441455446e+20,0.5130161723260994
90pct_SF6,bias_off,6.655284517983848,1.0747083631977811e+20,0.49232279684165897
90pct_SF6,bias_off,6.870377137466866,1.0312060315985922e+20,0.4723944234378088
90pct_SF6,bias_off,7.079912934397284,9.891144885694084e+19,0.45311233082819247
90pct_SF6,bias_off,7.283872538273989,9.480241332636811e+19,0.43428888128590004
90pct_SF6,bias_off,7.48225008874786,9.072450312643094e+19,0.4156080165634142
90pct_SF6,bias_off,7.6750525389663204,8.655013198049385e+19,0.3964852652385074
90pct_SF6,bias_off,7.862298929645567,8.302840409970654e+19,0.3803522660048783
90pct_SF6,bias_off,8.044019641826567,7.996122638457867e+19,0.3663015564093091
90pct_SF6,bias_off,8.220255635814988,7.724311106096274e+19,0.35384989804239175
90pct_SF6,bias_off,8.391057683293472,7.48096513506662e+19,0.3427022441150518
90pct_SF6,bias_off,8.556485599041498,7.261700638478185e+19,0.3326577600573214
90pct_SF6,bias_off,8.716607478116956,7.063283534575146e+19,0.32356829291629113
90pct_SF6,bias_off,8.871498943756958,6.883187332900324e+19,0.3153181044237326
90pct_SF6,bias_off,9.021242410654596,6.7193568654526185e+19,0.3078130475446984
90pct_SF6,bias_off,9.165926367673084,6.570071700472659e+19,0.3009743094770784
90pct_SF6,bias_off,9.305644683477583,6.4338615966836e+19,0.29473453861905813
90pct_SF6,bias_off,9.44049593800507,6.309451018435272e+19,0.28903530281357354
90pct_SF6,bias_off,9.57058278215975,6.195720857024058e+19,0.28382533580590846
90pct_SF6,bias_off,9.696011327620301,6.0916808698429235e+19,0.279059274683989
90pct_SF6,bias_off,9.816890568178785,5.996449098207121e+19,0.27469671701109444
90pct_SF6,bias_off,9.933331833602182,5.909236010004396e+19,0.27070149440229235
90pct_SF6,bias_off,10.045448276616877,5.829331954059652e+19,0.2670410978101735
90pct_SF6,bias_off,10.153354393265081,5.756097008815506e+19,0.2636862124939504
90pct_SF6,bias_off,10.257165576569625,5.68895261088286e+19,0.26061033452422006
90pct_SF6,bias_off,10.356997703168924,5.627374540144242e+19,0.2577894494312685
90pct_SF6,bias_off,10.452966752345947,5.57088696215191e+19,0.25520175928794
90pct_SF6,bias_on,0.15111271804043516,3.036886609606378e+20,1.0
90pct_SF6,bias_on,0.4531642392322628,3.027296788941312e+20,0.9968422197145157
90pct_SF6,bias_on,0.754694815467764,3.0082604523341074e+20,0.9905738471822689
90pct_SF6,bias_on,1.0553598080104576,2.980061548951526e+20,0.9812883824917593
90pct_SF6,bias_on,1.3548185378002071,2.943119213845575e+20,0.9691238403619697
90pct_SF6,bias_on,1.652735815439179,2.897979269951342e+20,0.9542599518811008
90pct_SF6,bias_on,1.9487834183683697,2.845302416409604e+20,0.936914275103078
90pct_SF6,bias_on,2.2426415016516534,2.78584889687208e+20,0.91733714655654
90pct_SF6,bias_on,2.5339999298610736,2.720459629265231e+20,0.895805467566614
90pct_SF6,bias_on,2.822559518817317,2.65003408631599e+20,0.8726154206526238
90pct_SF6,bias_on,3.1080331773526955,2.5755056110188623e+20,0.8480743412914856
90pct_SF6,bias_on,3.3901469407971856,2.497815265816936e+20,0.8224921068556744
90pct_SF6,bias_on,3.668640889506067,2.4178856544879005e+20,0.7961725165633666
90pct_SF6,bias_on,3.9432699474146715,2.3365963228769953e+20,0.7694051913185689
90pct_SF6,bias_on,4.213804557286315,2.2547622688789715e+20,0.7424584973790705
90pct_SF6,bias_on,4.480031230979536,2.1731167841299412e+20,0.7155738963897657
90pct_SF6,bias_on,4.741752974668693,2.0922993175017642e+20,0.6889619490182265
90pct_SF6,bias_on,4.9987895904789985,2.0128484642007902e+20,0.6628000063728697
90pct_SF6,bias_on,5.250977857418331,1.9351996466452287e+20,0.6372314463515834
90pct_SF6,bias_on,5.498171595782775,1.859686606967408e+20,0.6123661650997396
90pct_SF6,bias_on,5.74024162036436,1.7865455314173516e+20,0.5882819351127871
90pct_SF6,bias_on,5.977075588786137,1.7159204265607276e+20,0.5650261755354554
90pct_SF6,bias_on,6.208577752123996,1.647868162801899e+20,0.5426176129162377
90pct_SF6,bias_on,6.4346686156434405,1.5823612029648883e+20,0.5210471796870888
90pct_SF6,bias_on,6.655284517983848,1.5192850771673983e+20,0.5002771826783214
90pct_SF6,bias_on,6.870377137466866,1.4584253531911961e+20,0.4802370126621974
90pct_SF6,bias_on,7.079912934397284,1.3994332793068916e+20,0.46081183106414275
90pct_SF6,bias_on,7.283872538273989,1.3417456606926003e+20,0.44181618650111826
90pct_SF6,bias_on,7.48225008874786,1.2844005715695904e+20,0.4229333316254657
90pct_SF6,bias_on,7.6750525389663204,1.2256042971809166e+20,0.40357262378649417
90pct_SF6,bias_on,7.862298929645567,1.1759756370738751e+20,0.3872306701718763
90pct_SF6,bias_on,8.044019641826567,1.1327221015002779e+20,0.37298794690496995
90pct_SF6,bias_on,8.220255635814988,1.0943609115268738e+20,0.360356197714184
90pct_SF6,bias_on,8.391057683293472,1.0599895415224536e+20,0.34903823480582397
90pct_SF6,bias_on,8.556485599041498,1.0289953603006757e+20,0.3388323281632328
90pct_SF6,bias_on,8.716607478116956,1.0009273915237656e+20,0.3295899782223016
90pct_SF6,bias_on,8.871498943756958,9.754337963169723e+19,0.32119532985902355
90pct_SF6,bias_on,9.021242410654596,9.52228539610004e+19,0.31355419612898416
90pct_SF6,bias_on,9.165926367673084,9.310721636369272e+19,0.3065877272769189
90pct_SF6,bias_on,9.305644683477583,9.11759921439977e+19,0.30022850328223266
90pct_SF6,bias_on,9.44049593800507,8.941140159446498e+19,0.29441797830592664
90pct_SF6,bias_on,9.57058278215975,8.779782658774627e+19,0.2891047242594483
90pct_SF6,bias_on,9.696011327620301,8.632142800067464e+19,0.2842431710410916
90pct_SF6,bias_on,9.816890568178785,8.496986107030807e+19,0.27979266924727664
90pct_SF6,bias_on,9.933331833602182,8.373205682808465e+19,0.27571677046887655
90pct_SF6,bias_on,10.045448276616877,8.259804967103434e+19,0.27198265950976735
90pct_SF6,bias_on,10.153354393265081,8.155883815116572e+19,0.26856069598771376
90pct_SF6,bias_on,10.257165576569625,8.060627035330604e+19,0.2654240369012451
90pct_SF6,bias_on,10.356997703168924,7.973294793500744e+19,0.2625483206478424
90pct_SF6,bias_on,10.452966752345947,7.893214465426766e+19,0.2599113987482672
30pct_SF6,bias_off,0.15111271804043516,1.2743193969922818e+20,1.0
30pct_SF6,bias_off,0.4531642392322628,1.2701975316465558e+20,0.9967654378051102
30pct_SF6,bias_off,0.754694815467764,1.2620154345715764e+20,0.9903446793247079
30pct_SF6,bias_off,1.0553598080104576,1.2498953996295129e+20,0.9808336925417476
30pct_SF6,bias_off,1.3548185378002071,1.2340183391370641e+20,0.9683744452526278
30pct_SF6,bias_off,1.652735815439179,1.2146205040068541e+20,0.9531523312551529
30pct_SF6,bias_off,1.9487834183683697,1.1919887619488339e+20,0.9353924649991445
30pct_SF6,bias_off,2.2426415016516534,1.1664542535090754e+20,0.915354703273139
30pct_SF6,bias_off,2.5339999298610736,1.1383843385597721e+20,0.8933273253523795
30pct_SF6,bias_off,2.822559518817317,1.1081729074703227e+20,0.8696194298587097
30pct_SF6,bias_off,3.1080331773526955,1.076229344020459e+20,0.844552273598467
30pct_SF6,bias_off,3.3901469407971856,1.0429666542680175e+20,0.8184499558977791
30pct_SF6,bias_off,3.668640889506067,1.0087894654456994e+20,0.791630000945367
30pct_SF6,bias_off,3.9432699474146715,9.740826981239903e+19,0.7643944684692656
30pct_SF6,bias_off,4.213804557286315,9.39201685275866e+19,0.7370221998445767
30pct_SF6,bias_off,4.480031230979536,9.04464356584981e+19,0.70976268486515
30pct_SF6,bias_off,4.741752974668693,8.701458399503852e+19,0.6828318253682325
30pct_SF6,bias_off,4.9987895904789985,8.364755315711476e+19,0.6564096360342963
30pct_SF6,bias_off,5.250977857418331,8.03636410945432e+19,0.6306397068444681
30pct_SF6,bias_off,5.498171595782775,7.717661589922614e+19,0.6056300805071524
30pct_SF6,bias_off,5.74024162036436,7.409594993052202e+19,0.5814550897161835
30pct_SF6,bias_off,5.977075588786137,7.112711033928233e+19,0.5581576369877161
30pct_SF6,bias_off,6.208577752123996,6.827183323751147e+19,0.53575134615898
30pct_SF6,bias_off,6.4346686156434405,6.552829452099639e+19,0.5142219028891802
30pct_SF6,bias_off,6.655284517983848,6.2891053066271736e+19,0.493526608907552
30pct_SF6,bias_off,6.870377137466866,6.03505483972239e+19,0.47359044003933837
30pct_SF6,bias_off,7.079912934397284,5.789170606262086e+19,0.4542951021483313
30pct_SF6,bias_off,7.283872538273989,5.5490642182483575e+19,0.43545317063724853
30pct_SF6,bias_off,7.48225008874786,5.3107055701198586e+19,0.41674838997620817
30pct_SF6,bias_off,7.6750525389663204,5.06663344990041e+19,0.39759525452244976
30pct_SF6,bias_off,7.862298929645567,4.860709979710953e+19,0.38143576808007995
30pct_SF6,bias_off,8.044019641826567,4.681347227950491e+19,0.367360587855734
30pct_SF6,bias_off,8.220255635814988,4.522377466541943e+19,0.35488571210764785
30pct_SF6,bias_off,8.391057683293472,4.380036971021902e+19,0.34371578909964834
30pct_SF6,bias_off,8.556485599041498,4.251765123761571e+19,0.333649878813492
30pct_SF6,bias_off,8.716607478116956,4.135673763224091e+19,0.3245398110540681
30pct_SF6,bias_off,8.871498943756958,4.0302882627488965e+19,0.3162698670569877
30pct_SF6,bias_off,9.021242410654596,3.934409286997628e+19,0.3087459310659349
30pct_SF6,bias_off,9.165926367673084,3.847032900924913e+19,0.3018892210229939
30pct_SF6,bias_off,9.305644683477583,3.767301140069374e+19,0.29563240965814097
30pct_SF6,bias_off,9.44049593800507,3.694469588959517e+19,0.2899170802609931
30pct_SF6,bias_off,9.57058278215975,3.627885027312135e+19,0.2846919725050774
30pct_SF6,bias_off,9.696011327620301,3.566969345499565e+19,0.2799117202420775
30pct_SF6,bias_off,9.816890568178785,3.511207540373e+19,0.2755359094949307
30pct_SF6,bias_off,9.933331833602182,3.460138472188921e+19,0.2715283531236932
30pct_SF6,bias_off,10.045448276616877,3.4133475556623843e+19,0.26785651726864973
30pct_SF6,bias_off,10.153354393265081,3.370460848423852e+19,0.26449105745223667
30pct_SF6,bias_off,10.257165576569625,3.3311401775362978e+19,0.2614054361409421
30pct_SF6,bias_off,10.356997703168924,3.2950790566245843e+19,0.25857560234912924
30pct_SF6,bias_off,10.452966752345947,3.26199921878631e+19,0.2559797195652408
30pct_SF6,bias_on,0.15111271804043516,1.8982685578862228e+20,1.0
30pct_SF6,bias_on,0.4531642392322628,1.8928317943887882e+20,0.9971359355477664
30pct_SF6,bias_on,0.754694815467764,1.8820359902862954e+20,0.9914487507405154
30pct_SF6,bias_on,1.0553598080104576,1.866035249645539e+20,0.9830196269612258
30pct_SF6,bias_on,1.3548185378002071,1.845057285580623e+20,0.9719685225335808
30pct_SF6,bias_on,1.652735815439179,1.8193990611147656e+20,0.9584518763460526
30pct_SF6,bias_on,1.9487834183683697,1.7894206597601214e+20,0.9426593788987863
30pct_SF6,bias_on,2.2426415016516534,1.7555372350865274e+20,0.9248097313698168
30pct_SF6,bias_on,2.5339999298610736,1.7182089920691064e+20,0.9051453678305571
30pct_SF6,bias_on,2.822559518817317,1.6779293270268258e+20,0.8839262074146393
30pct_SF6,bias_on,3.1080331773526955,1.6352114789687722e+20,0.8614226223025195
30pct_SF6,bias_on,3.3901469407971856,1.5905742845854125e+20,0.8379079335099788
30pct_SF6,bias_on,3.668640889506067,1.5445278273520085e+20,0.8136508508953469
30pct_SF6,bias_on,3.9432699474146715,1.4975598720063088e+20,0.7889083268986372
30pct_SF6,bias_on,4.213804557286315,1.4501239387067906e+20,0.7639192740575895
30pct_SF6,bias_on,4.480031230979536,1.4026296983121081e+20,0.738899505280737
30pct_SF6,bias_on,4.741752974668693,1.3554360804987082e+20,0.7140381032323612
30pct_SF6,bias_on,4.9987895904789985,1.3088471551771835e+20,0.6894952506797156
30pct_SF6,bias_on,5.250977857418331,1.2631105395211344e+20,0.66540139132244
30pct_SF6,bias_on,5.498171595782775,1.218417832116897e+20,0.6418574585008354
30pct_SF6,bias_on,5.74024162036436,1.1749064005727022e+20,0.6189358169009525
30pct_SF6,bias_on,5.977075588786137,1.132661721306281e+20,0.5966814951449929
30pct_SF6,bias_on,6.208577752123996,1.0917193241219947e+20,0.5751132101864743
30pct_SF6,bias_on,6.4346686156434405,1.0520651064063046e+20,0.5542235328270989
30pct_SF6,bias_on,6.655284517983848,1.0136321095860994e+20,0.533977189568376
30pct_SF6,bias_on,6.870377137466866,9.762902573110973e+19,0.5143056567286901
30pct_SF6,bias_on,7.079912934397284,9.398217511305973e+19,0.4950941989879009
30pct_SF6,bias_on,7.283872538273989,9.038655619431463e+19,0.47615262771334466
30pct_SF6,bias_on,7.48225008874786,8.677914022337366e+19,0.45714891005730374
30pct_SF6,bias_on,7.6750525389663204,8.304050762721454e+19,0.43745394866405285
30pct_SF6,bias_on,7.862298929645567,7.989210567023483e+19,0.42086829778815393
30pct_SF6,bias_on,8.044019641826567,7.714840057840889e+19,0.4064145732062057
30pct_SF6,bias_on,8.220255635814988,7.471189181707837e+19,0.39357914614711964
30pct_SF6,bias_on,8.391057683293472,7.2523972792578925e+19,0.38205327950717616
30pct_SF6,bias_on,8.556485599041498,7.0545382934419505e+19,0.3716301502300277
30pct_SF6,bias_on,8.716607478116956,6.874758192480045e+19,0.3621594091057004
30pct_SF6,bias_on,8.871498943756958,6.710855037148097e+19,0.35352505888949814
30pct_SF6,bias_on,9.021242410654596,6.5610555482585416e+19,0.345633683969589
30pct_SF6,bias_on,9.165926367673084,6.4238866348807406e+19,0.3384076825269616
30pct_SF6,bias_on,9.305644683477583,6.298096448253233e+19,0.3317811076882792
30pct_SF6,bias_on,9.44049593800507,6.182603045952794e+19,0.32569696317560576
30pct_SF6,bias_on,9.57058278215975,6.076459359723954e+19,0.32010535782620075
30pct_SF6,bias_on,9.696011327620301,5.978828278681197e+19,0.314962192985949
30pct_SF6,bias_on,9.816890568178785,5.888964282697349e+19,0.3102281949638823
30pct_SF6,bias_on,9.933331833602182,5.806199478775777e+19,0.3058681794340601
30pct_SF6,bias_on,10.045448276616877,5.729932696372195e+19,0.30185047698164696
30pct_SF6,bias_on,10.153354393265081,5.659620771479924e+19,0.29814647395214067
30pct_SF6,bias_on,10.257165576569625,5.594771438990071e+19,0.2947302380238554
30pct_SF6,bias_on,10.356997703168924,5.534937435584699e+19,0.2915782075507805
30pct_SF6,bias_on,10.452966752345947,5.479711533942456e+19,0.2886689299665941
